warehouse_id,product_id,current_stock,reorder_level
W01,P1001,360,42
W01,P1002,414,70
W01,P1003,100,41
W01,P1004,317,66
W01,P1005,5,4
W01,P1006,369,47
W01,P1007,38,41
W01,P1008,119,11
W01,P1009,391,189
W01,P1010,36,34
W01,P1011,54,18
W01,P1012,153,68
W01,P1013,632,103
W01,P1014,788,66
W01,P1015,118,64
W01,P1016,167,16
W01,P1017,56,3
W01,P1018,213,13
W01,P1019,14,29
W01,P1020,26,28
W01,P1021,25,22
W01,P1022,144,22
W01,P1023,103,48
W01,P1024,40,20
W01,P1025,79,38
W01,P1026,18,17
W01,P1027,107,7
W01,P1028,30,6
W01,P1029,363,37
W01,P1030,210,68
W01,P1031,25,8
W01,P1032,105,10
W01,P1033,1165,76
W01,P1034,222,17
W01,P1035,25,4
W01,P1036,232,32
W01,P1037,28,35
W01,P1038,50,13
W01,P1039,881,79
W01,P1040,5,3
W01,P1041,54,25
W01,P1042,240,44
W01,P1043,132,51
W01,P1044,46,10
W01,P1045,346,22
W01,P1046,8,5
W01,P1047,50,17
W01,P1048,103,26
W01,P1049,17,32
W01,P1050,215,10
W01,P1051,57,116
W01,P1052,201,117
W01,P1053,343,16
W01,P1054,381,62
W01,P1055,19,23
W01,P1056,112,9
W01,P1057,23,5
W01,P1058,51,17
W01,P1059,112,9
W01,P1060,50,16
W02,P1001,349,39
W02,P1002,159,64
W02,P1003,28,39
W02,P1004,310,62
W02,P1005,26,3
W02,P1006,28,42
W02,P1007,180,40
W02,P1008,38,9
W02,P1009,345,175
W02,P1010,20,34
W02,P1011,14,17
W02,P1012,158,63
W02,P1013,582,94
W02,P1014,25,58
W02,P1015,37,58
W02,P1016,66,15
W02,P1017,54,3
W02,P1018,103,12
W02,P1019,55,26
W02,P1020,204,26
W02,P1021,52,22
W02,P1022,18,20
W02,P1023,350,45
W02,P1024,55,18
W02,P1025,16,35
W02,P1026,7,17
W02,P1027,27,6
W02,P1028,5,6
W02,P1029,175,34
W02,P1030,352,62
W02,P1031,61,8
W02,P1032,24,9
W02,P1033,157,70
W02,P1034,14,16
W02,P1035,3,3
W02,P1036,116,30
W02,P1037,68,32
W02,P1038,49,12
W02,P1039,801,72
W02,P1040,4,3
W02,P1041,55,22
W02,P1042,227,42
W02,P1043,522,47
W02,P1044,88,9
W02,P1045,74,20
W02,P1046,5,5
W02,P1047,53,15
W02,P1048,101,23
W02,P1049,225,32
W02,P1050,36,9
W02,P1051,47,110
W02,P1052,183,106
W02,P1053,310,15
W02,P1054,704,60
W02,P1055,42,22
W02,P1056,24,7
W02,P1057,101,5
W02,P1058,55,15
W02,P1059,3,8
W02,P1060,44,15
W03,P1001,255,29
W03,P1002,86,47
W03,P1003,53,29
W03,P1004,755,44
W03,P1005,16,3
W03,P1006,252,32
W03,P1007,70,28
W03,P1008,21,9
W03,P1009,274,118
W03,P1010,27,23
W03,P1011,35,13
W03,P1012,402,46
W03,P1013,397,65
W03,P1014,478,41
W03,P1015,137,43
W03,P1016,229,11
W03,P1017,20,2
W03,P1018,11,9
W03,P1019,12,19
W03,P1020,142,18
W03,P1021,37,16
W03,P1022,145,13
W03,P1023,126,31
W03,P1024,72,12
W03,P1025,49,25
W03,P1026,0,12
W03,P1027,125,4
W03,P1028,24,5
W03,P1029,117,25
W03,P1030,28,46
W03,P1031,37,8
W03,P1032,74,7
W03,P1033,28,50
W03,P1034,144,11
W03,P1035,28,3
W03,P1036,149,21
W03,P1037,12,23
W03,P1038,73,9
W03,P1039,152,52
W03,P1040,34,2
W03,P1041,46,17
W03,P1042,41,30
W03,P1043,86,34
W03,P1044,33,7
W03,P1045,470,14
W03,P1046,22,4
W03,P1047,0,10
W03,P1048,349,17
W03,P1049,13,21
W03,P1050,71,7
W03,P1051,130,75
W03,P1052,423,79
W03,P1053,461,11
W03,P1054,252,42
W03,P1055,40,15
W03,P1056,77,6
W03,P1057,77,4
W03,P1058,39,11
W03,P1059,72,6
W03,P1060,37,11
