restock_date,warehouse_id,product_id,quantity
2024-01-01,W01,P1001,403
2024-01-01,W01,P1002,442
2024-01-01,W01,P1003,202
2024-01-01,W01,P1004,351
2024-01-01,W01,P1005,61
2024-01-01,W01,P1006,589
2024-01-01,W01,P1007,217
2024-01-01,W01,P1008,152
2024-01-01,W01,P1009,889
2024-01-01,W01,P1010,139
2024-01-01,W01,P1011,101
2024-01-01,W01,P1012,508
2024-01-01,W01,P1013,697
2024-01-01,W01,P1014,1015
2024-01-01,W01,P1015,341
2024-01-01,W01,P1016,192
2024-01-01,W01,P1017,57
2024-01-01,W01,P1018,340
2024-01-01,W01,P1019,138
2024-01-01,W01,P1020,134
2024-01-01,W01,P1021,75
2024-01-01,W01,P1022,192
2024-01-01,W01,P1023,323
2024-01-01,W01,P1024,106
2024-01-01,W01,P1025,199
2024-01-01,W01,P1026,70
2024-01-01,W01,P1027,115
2024-01-01,W01,P1028,47
2024-01-01,W01,P1029,399
2024-01-01,W01,P1030,247
2024-01-01,W01,P1031,46
2024-01-01,W01,P1032,168
2024-01-01,W01,P1033,1525
2024-01-01,W01,P1034,241
2024-01-01,W01,P1035,44
2024-01-01,W01,P1036,363
2024-01-01,W01,P1037,143
2024-01-01,W01,P1038,181
2024-01-01,W01,P1039,989
2024-01-01,W01,P1040,30
2024-01-01,W01,P1041,185
2024-01-01,W01,P1042,368
2024-01-01,W01,P1043,490
2024-01-01,W01,P1044,173
2024-01-01,W01,P1045,568
2024-01-01,W01,P1046,63
2024-01-01,W01,P1047,184
2024-01-01,W01,P1048,470
2024-01-01,W01,P1049,252
2024-01-01,W01,P1050,276
2024-01-01,W01,P1051,689
2024-01-01,W01,P1052,548
2024-01-01,W01,P1053,565
2024-01-01,W01,P1054,598
2024-01-01,W01,P1055,79
2024-01-01,W01,P1056,178
2024-01-01,W01,P1057,86
2024-01-01,W01,P1058,185
2024-01-01,W01,P1059,123
2024-01-01,W01,P1060,180
2024-01-01,W02,P1001,375
2024-01-01,W02,P1002,320
2024-01-01,W02,P1003,245
2024-01-01,W02,P1004,331
2024-01-01,W02,P1005,29
2024-01-01,W02,P1006,366
2024-01-01,W02,P1007,209
2024-01-01,W02,P1008,44
2024-01-01,W02,P1009,822
2024-01-01,W02,P1010,138
2024-01-01,W02,P1011,120
2024-01-01,W02,P1012,467
2024-01-01,W02,P1013,907
2024-01-01,W02,P1014,225
2024-01-01,W02,P1015,224
2024-01-01,W02,P1016,263
2024-01-01,W02,P1017,54
2024-01-01,W02,P1018,112
2024-01-01,W02,P1019,173
2024-01-01,W02,P1020,224
2024-01-01,W02,P1021,102
2024-01-01,W02,P1022,124
2024-01-01,W02,P1023,390
2024-01-01,W02,P1024,96
2024-01-01,W02,P1025,237
2024-01-01,W02,P1026,122
2024-01-01,W02,P1027,77
2024-01-01,W02,P1028,62
2024-01-01,W02,P1029,202
2024-01-01,W02,P1030,553
2024-01-01,W02,P1031,84
2024-01-01,W02,P1032,84
2024-01-01,W02,P1033,472
2024-01-01,W02,P1034,121
2024-01-01,W02,P1035,53
2024-01-01,W02,P1036,132
2024-01-01,W02,P1037,180
2024-01-01,W02,P1038,162
2024-01-01,W02,P1039,897
2024-01-01,W02,P1040,55
2024-01-01,W02,P1041,163
2024-01-01,W02,P1042,353
2024-01-01,W02,P1043,580
2024-01-01,W02,P1044,109
2024-01-01,W02,P1045,271
2024-01-01,W02,P1046,57
2024-01-01,W02,P1047,166
2024-01-01,W02,P1048,421
2024-01-01,W02,P1049,248
2024-01-01,W02,P1050,86
2024-01-01,W02,P1051,651
2024-01-01,W02,P1052,500
2024-01-01,W02,P1053,346
2024-01-01,W02,P1054,916
2024-01-01,W02,P1055,100
2024-01-01,W02,P1056,79
2024-01-01,W02,P1057,107
2024-01-01,W02,P1058,166
2024-01-01,W02,P1059,116
2024-01-01,W02,P1060,163
2024-01-01,W03,P1001,277
2024-01-01,W03,P1002,232
2024-01-01,W03,P1003,142
2024-01-01,W03,P1004,981
2024-01-01,W03,P1005,48
2024-01-01,W03,P1006,397
2024-01-01,W03,P1007,208
2024-01-01,W03,P1008,43
2024-01-01,W03,P1009,556
2024-01-01,W03,P1010,93
2024-01-01,W03,P1011,71
2024-01-01,W03,P1012,438
2024-01-01,W03,P1013,439
2024-01-01,W03,P1014,621
2024-01-01,W03,P1015,167
2024-01-01,W03,P1016,249
2024-01-01,W03,P1017,25
2024-01-01,W03,P1018,80
2024-01-01,W03,P1019,163
2024-01-01,W03,P1020,226
2024-01-01,W03,P1021,73
2024-01-01,W03,P1022,186
2024-01-01,W03,P1023,148
2024-01-01,W03,P1024,109
2024-01-01,W03,P1025,130
2024-01-01,W03,P1026,48
2024-01-01,W03,P1027,165
2024-01-01,W03,P1028,28
2024-01-01,W03,P1029,145
2024-01-01,W03,P1030,286
2024-01-01,W03,P1031,53
2024-01-01,W03,P1032,82
2024-01-01,W03,P1033,243
2024-01-01,W03,P1034,154
2024-01-01,W03,P1035,37
2024-01-01,W03,P1036,162
2024-01-01,W03,P1037,166
2024-01-01,W03,P1038,83
2024-01-01,W03,P1039,496
2024-01-01,W03,P1040,47
2024-01-01,W03,P1041,123
2024-01-01,W03,P1042,104
2024-01-01,W03,P1043,322
2024-01-01,W03,P1044,114
2024-01-01,W03,P1045,617
2024-01-01,W03,P1046,27
2024-01-01,W03,P1047,113
2024-01-01,W03,P1048,395
2024-01-01,W03,P1049,92
2024-01-01,W03,P1050,77
2024-01-01,W03,P1051,353
2024-01-01,W03,P1052,661
2024-01-01,W03,P1053,610
2024-01-01,W03,P1054,279
2024-01-01,W03,P1055,51
2024-01-01,W03,P1056,78
2024-01-01,W03,P1057,80
2024-01-01,W03,P1058,123
2024-01-01,W03,P1059,115
2024-01-01,W03,P1060,118
2024-02-17,W01,P1040,27
2024-02-20,W03,P1017,23
2024-02-22,W03,P1026,36
2024-02-25,W02,P1029,168
2024-02-28,W03,P1038,74
2024-02-29,W01,P1021,53
2024-02-29,W02,P1018,100
2024-02-29,W02,P1044,100
2024-02-29,W03,P1018,71
2024-03-01,W03,P1015,124
2024-03-02,W02,P1034,105
2024-03-03,W01,P1019,109
2024-03-03,W01,P1055,56
2024-03-03,W03,P1023,117
2024-03-04,W03,P1055,36
2024-03-05,W01,P1016,176
2024-03-05,W03,P1049,71
2024-03-07,W01,P1037,108
2024-03-07,W02,P1036,102
2024-03-07,W03,P1033,193
2024-03-08,W01,P1030,179
2024-03-08,W03,P1029,120
2024-03-09,W02,P1014,167
2024-03-09,W03,P1028,23
2024-03-09,W03,P1042,74
2024-03-11,W01,P1020,106
2024-03-11,W02,P1015,166
2024-03-16,W02,P1027,71
2024-03-17,W03,P1046,23
2024-03-18,W01,P1026,53
2024-03-18,W02,P1038,150
2024-03-19,W02,P1047,151
2024-03-19,W02,P1056,72
2024-03-19,W03,P1060,107
2024-03-20,W02,P1048,398
2024-03-20,W03,P1044,107
2024-03-20,W03,P1058,112
2024-03-21,W01,P1038,168
2024-03-21,W01,P1044,163
2024-03-21,W02,P1045,251
2024-03-21,W03,P1047,103
2024-03-22,W02,P1050,77
2024-03-22,W03,P1043,288
2024-03-23,W02,P1016,248
2024-03-23,W02,P1032,75
2024-03-23,W03,P1039,444
2024-03-24,W01,P1048,444
2024-03-24,W02,P1041,141
2024-03-25,W01,P1010,105
2024-03-25,W01,P1057,81
2024-03-25,W02,P1005,26
2024-03-26,W01,P1007,176
2024-03-26,W01,P1028,41
2024-03-26,W01,P1043,439
2024-03-26,W01,P1047,167
2024-03-26,W02,P1055,78
2024-03-26,W02,P1060,148
2024-03-26,W03,P1025,105
2024-03-26,W03,P1026,36
2024-03-27,W02,P1024,78
2024-03-28,W01,P1015,277
2024-03-28,W01,P1023,275
2024-03-28,W01,P1041,160
2024-03-28,W02,P1007,169
2024-03-28,W02,P1033,402
2024-03-29,W02,P1058,151
2024-03-30,W01,P1024,86
2024-03-30,W01,P1058,168
2024-03-30,W01,P1060,164
2024-03-30,W02,P1004,269
2024-03-30,W02,P1021,80
2024-03-30,W02,P1052,394
2024-03-30,W03,P1041,106
2024-03-31,W01,P1004,285
2024-03-31,W01,P1025,161
2024-03-31,W03,P1010,70
2024-04-01,W01,P1052,431
2024-04-01,W02,P1010,104
2024-04-02,W02,P1017,51
2024-04-03,W02,P1018,100
2024-04-03,W02,P1019,147
2024-04-05,W01,P1035,40
2024-04-05,W02,P1040,52
2024-04-05,W03,P1016,238
2024-04-06,W01,P1021,53
2024-04-06,W01,P1031,38
2024-04-06,W01,P1034,224
2024-04-06,W02,P1037,148
2024-04-07,W03,P1056,72
2024-04-07,W03,P1057,76
2024-04-08,W03,P1021,57
2024-04-09,W01,P1019,109
2024-04-10,W02,P1029,168
2024-04-10,W03,P1051,278
2024-04-11,W01,P1017,54
2024-04-11,W03,P1050,70
2024-04-12,W02,P1053,331
2024-04-12,W03,P1019,144
2024-04-12,W03,P1034,143
2024-04-13,W01,P1027,108
2024-04-13,W02,P1057,102
2024-04-14,W02,P1034,105
2024-04-14,W03,P1048,378
2024-04-15,W01,P1040,27
2024-04-15,W02,P1008,35
2024-04-15,W02,P1046,52
2024-04-15,W03,P1017,23
2024-04-15,W03,P1018,71
2024-04-16,W01,P1029,362
2024-04-16,W02,P1044,100
2024-04-16,W03,P1035,34
2024-04-17,W02,P1022,104
2024-04-17,W02,P1028,56
2024-04-17,W02,P1039,825
2024-04-17,W02,P1043,533
2024-04-17,W03,P1023,117
2024-04-18,W01,P1011,83
2024-04-18,W01,P1013,594
2024-04-18,W01,P1016,176
2024-04-18,W01,P1059,114
2024-04-18,W02,P1036,102
2024-04-18,W02,P1059,108
2024-04-18,W03,P1007,180
2024-04-18,W03,P1013,374
2024-04-18,W03,P1015,124
2024-04-18,W03,P1038,74
2024-04-19,W01,P1037,108
2024-04-19,W01,P1039,910
2024-04-19,W03,P1030,240
2024-04-19,W03,P1054,237
2024-04-20,W01,P1026,53
2024-04-20,W02,P1014,167
2024-04-20,W02,P1020,198
2024-04-20,W02,P1025,202
2024-04-20,W02,P1026,105
2024-04-21,W01,P1049,220
2024-04-21,W02,P1023,345
2024-04-21,W03,P1032,75
2024-04-21,W03,P1036,141
2024-04-22,W01,P1012,440
2024-04-22,W01,P1030,179
2024-04-22,W02,P1009,647
2024-04-22,W02,P1035,50
2024-04-22,W03,P1040,45
2024-04-23,W01,P1020,106
2024-04-23,W01,P1051,573
2024-04-23,W02,P1051,541
2024-04-23,W03,P1033,193
2024-04-23,W03,P1049,71
2024-04-24,W01,P1046,58
2024-04-24,W02,P1049,216
2024-04-25,W01,P1055,56
2024-04-26,W02,P1011,103
2024-04-26,W03,P1002,185
2024-04-26,W03,P1028,23
2024-04-27,W02,P1015,166
2024-04-27,W03,P1009,438
2024-04-27,W03,P1037,143
2024-04-28,W02,P1012,404
2024-04-28,W03,P1003,113
2024-04-28,W03,P1029,120
2024-04-29,W01,P1009,700
2024-04-29,W03,P1042,74
2024-04-30,W03,P1055,36
2024-05-01,W02,P1002,256
2024-05-03,W03,P1011,58
2024-05-04,W02,P1027,71
2024-05-06,W01,P1003,161
2024-05-07,W01,P1007,176
2024-05-08,W02,P1005,26
2024-05-09,W03,P1026,36
2024-05-11,W01,P1001,361
2024-05-11,W01,P1002,372
2024-05-12,W01,P1018,327
2024-05-12,W02,P1001,336
2024-05-14,W01,P1004,285
2024-05-14,W02,P1010,104
2024-05-14,W02,P1050,77
2024-05-15,W01,P1021,53
2024-05-15,W02,P1007,169
2024-05-15,W02,P1018,100
2024-05-15,W03,P1031,45
2024-05-16,W01,P1005,57
2024-05-16,W01,P1010,105
2024-05-16,W01,P1038,168
2024-05-16,W02,P1006,324
2024-05-16,W03,P1012,392
2024-05-17,W02,P1056,72
2024-05-17,W03,P1001,248
2024-05-17,W03,P1010,70
2024-05-17,W03,P1039,444
2024-05-17,W03,P1060,107
2024-05-18,W01,P1044,163
2024-05-18,W02,P1004,269
2024-05-18,W02,P1016,248
2024-05-18,W02,P1045,251
2024-05-18,W02,P1047,151
2024-05-18,W03,P1043,288
2024-05-19,W02,P1032,75
2024-05-19,W02,P1034,105
2024-05-19,W03,P1008,34
2024-05-19,W03,P1058,112
2024-05-20,W02,P1003,206
2024-05-20,W03,P1018,71
2024-05-21,W01,P1019,109
2024-05-21,W01,P1057,81
2024-05-21,W02,P1029,168
2024-05-21,W03,P1005,45
2024-05-21,W03,P1038,74
2024-05-22,W01,P1024,86
2024-05-22,W01,P1025,161
2024-05-22,W01,P1053,549
2024-05-22,W03,P1044,107
2024-05-23,W02,P1041,141
2024-05-23,W02,P1055,78
2024-05-24,W01,P1041,160
2024-05-24,W01,P1047,167
2024-05-24,W01,P1056,169
2024-05-24,W02,P1044,100
2024-05-24,W02,P1048,398
2024-05-24,W02,P1060,148
2024-05-24,W03,P1059,109
2024-05-25,W01,P1015,277
2024-05-25,W01,P1016,176
2024-05-25,W02,P1030,491
2024-05-25,W03,P1047,103
2024-05-26,W01,P1030,179
2024-05-26,W01,P1035,40
2024-05-26,W01,P1043,439
2024-05-26,W01,P1048,444
2024-05-26,W01,P1052,431
2024-05-26,W02,P1019,147
2024-05-26,W02,P1033,402
2024-05-26,W03,P1046,23
2024-05-27,W02,P1036,102
2024-05-27,W02,P1038,150
2024-05-27,W02,P1052,394
2024-05-27,W03,P1015,124
2024-05-27,W03,P1020,208
2024-05-28,W01,P1037,108
2024-05-28,W01,P1054,536
2024-05-28,W01,P1058,168
2024-05-28,W02,P1013,813
2024-05-29,W01,P1028,41
2024-05-29,W01,P1045,546
2024-05-30,W01,P1031,38
2024-05-30,W02,P1014,167
2024-05-30,W03,P1024,97
2024-05-30,W03,P1025,105
2024-05-31,W01,P1023,275
2024-05-31,W01,P1026,53
2024-05-31,W01,P1040,27
2024-05-31,W01,P1042,324
2024-05-31,W02,P1042,311
2024-05-31,W03,P1041,106
2024-06-01,W01,P1055,56
2024-06-01,W03,P1029,120
2024-06-01,W03,P1052,582
2024-06-02,W01,P1020,106
2024-06-02,W01,P1032,158
2024-06-02,W01,P1060,164
2024-06-02,W03,P1023,117
2024-06-02,W03,P1033,193
2024-06-02,W03,P1051,278
2024-06-03,W02,P1021,80
2024-06-03,W03,P1049,71
2024-06-04,W01,P1036,331
2024-06-04,W02,P1005,26
2024-06-04,W02,P1058,151
2024-06-05,W02,P1037,148
2024-06-06,W01,P1011,83
2024-06-07,W02,P1015,166
2024-06-08,W03,P1042,74
2024-06-08,W03,P1056,72
2024-06-09,W02,P1024,78
2024-06-11,W02,P1017,51
2024-06-11,W03,P1057,76
2024-06-12,W01,P1007,176
2024-06-12,W01,P1022,170
2024-06-13,W03,P1026,36
2024-06-14,W02,P1008,35
2024-06-14,W03,P1007,180
2024-06-14,W03,P1021,57
2024-06-15,W02,P1040,52
2024-06-15,W03,P1006,365
2024-06-15,W03,P1011,58
2024-06-15,W03,P1017,23
2024-06-15,W03,P1055,36
2024-06-16,W01,P1006,542
2024-06-16,W02,P1007,169
2024-06-17,W01,P1004,285
2024-06-17,W01,P1012,440
2024-06-18,W02,P1031,76
2024-06-18,W03,P1002,185
2024-06-19,W01,P1017,54
2024-06-19,W01,P1021,53
2024-06-19,W02,P1010,104
2024-06-19,W02,P1012,404
2024-06-20,W01,P1010,105
2024-06-20,W02,P1004,269
2024-06-20,W02,P1009,647
2024-06-21,W03,P1050,70
2024-06-22,W02,P1044,100
2024-06-22,W02,P1053,331
2024-06-22,W03,P1019,144
2024-06-22,W03,P1028,23
2024-06-23,W01,P1027,108
2024-06-23,W01,P1034,224
2024-06-23,W01,P1059,114
2024-06-23,W02,P1046,52
2024-06-23,W03,P1032,75
2024-06-24,W01,P1029,362
2024-06-24,W02,P1018,100
2024-06-24,W03,P1003,113
2024-06-24,W03,P1016,238
2024-06-24,W03,P1038,74
2024-06-25,W01,P1009,700
2024-06-25,W02,P1011,103
2024-06-25,W02,P1034,105
2024-06-26,W03,P1009,438
2024-06-26,W03,P1010,70
2024-06-26,W03,P1048,378
2024-06-27,W03,P1034,143
2024-06-28,W02,P1036,102
2024-06-29,W02,P1002,256
2024-06-29,W02,P1022,104
2024-06-30,W01,P1019,109
2024-06-30,W03,P1013,374
2024-06-30,W03,P1035,34
2024-06-30,W03,P1036,141
2024-07-01,W01,P1003,161
2024-07-01,W03,P1018,71
2024-07-02,W01,P1040,27
2024-07-03,W01,P1037,108
2024-07-03,W02,P1057,102
2024-07-03,W03,P1029,120
2024-07-04,W02,P1023,345
2024-07-04,W02,P1043,533
2024-07-04,W02,P1050,77
2024-07-05,W01,P1039,910
2024-07-05,W02,P1039,825
2024-07-05,W03,P1015,124
2024-07-06,W02,P1029,168
2024-07-06,W02,P1051,541
2024-07-06,W03,P1030,240
2024-07-07,W01,P1016,176
2024-07-07,W01,P1030,179
2024-07-07,W02,P1032,75
2024-07-07,W02,P1049,216
2024-07-08,W01,P1051,573
2024-07-08,W01,P1055,56
2024-07-08,W02,P1014,167
2024-07-08,W02,P1025,202
2024-07-09,W03,P1023,117
2024-07-09,W03,P1033,193
2024-07-09,W03,P1040,45
2024-07-10,W01,P1020,106
2024-07-10,W03,P1054,237
2024-07-11,W01,P1001,361
2024-07-11,W01,P1007,176
2024-07-11,W01,P1013,594
2024-07-11,W01,P1025,161
2024-07-11,W01,P1026,53
2024-07-11,W01,P1038,168
2024-07-11,W02,P1035,50
2024-07-11,W03,P1043,288
2024-07-11,W03,P1060,107
2024-07-12,W02,P1005,26
2024-07-12,W02,P1016,248
2024-07-12,W02,P1020,198
2024-07-12,W03,P1049,71
2024-07-13,W01,P1044,163
2024-07-13,W02,P1059,108
2024-07-13,W03,P1039,444
2024-07-14,W02,P1047,151
2024-07-14,W03,P1042,74
2024-07-14,W03,P1055,36
2024-07-15,W01,P1049,220
2024-07-15,W01,P1057,81
2024-07-15,W02,P1007,169
2024-07-15,W02,P1027,71
2024-07-15,W03,P1058,112
2024-07-16,W01,P1004,285
2024-07-16,W02,P1026,105
2024-07-16,W02,P1045,251
2024-07-17,W02,P1006,324
2024-07-18,W01,P1005,57
2024-07-18,W02,P1001,336
2024-07-18,W02,P1015,166
2024-07-18,W03,P1047,103
2024-07-19,W01,P1002,372
2024-07-19,W01,P1010,105
2024-07-19,W01,P1048,444
2024-07-19,W03,P1037,143
2024-07-20,W02,P1033,402
2024-07-20,W02,P1056,72
2024-07-20,W03,P1046,23
2024-07-21,W01,P1043,439
2024-07-21,W01,P1046,58
2024-07-21,W02,P1048,398
2024-07-22,W01,P1060,164
2024-07-22,W02,P1004,269
2024-07-22,W02,P1010,104
2024-07-22,W02,P1038,150
2024-07-22,W02,P1041,141
2024-07-22,W02,P1052,394
2024-07-22,W03,P1026,36
2024-07-23,W01,P1015,277
2024-07-23,W01,P1023,275
2024-07-23,W01,P1047,167
2024-07-24,W01,P1031,38
2024-07-24,W02,P1003,206
2024-07-25,W01,P1011,83
2024-07-25,W01,P1024,86
2024-07-25,W02,P1060,148
2024-07-25,W03,P1001,248
2024-07-26,W01,P1041,160
2024-07-26,W02,P1044,100
2024-07-26,W02,P1055,78
2024-07-27,W01,P1052,431
2024-07-27,W03,P1012,392
2024-07-28,W01,P1035,40
2024-07-28,W02,P1019,147
2024-07-28,W02,P1021,80
2024-07-28,W03,P1027,161
2024-07-28,W03,P1038,74
2024-07-28,W03,P1041,106
2024-07-28,W03,P1051,278
2024-07-29,W02,P1037,148
2024-07-29,W03,P1044,107
2024-07-30,W02,P1028,56
2024-07-30,W03,P1008,34
2024-07-30,W03,P1025,105
2024-07-31,W02,P1024,78
2024-07-31,W03,P1007,180
2024-07-31,W03,P1010,70
2024-08-01,W01,P1012,440
2024-08-01,W01,P1021,53
2024-08-01,W01,P1040,27
2024-08-01,W01,P1058,168
2024-08-01,W03,P1011,58
2024-08-01,W03,P1045,603
2024-08-02,W02,P1018,100
2024-08-03,W02,P1012,404
2024-08-04,W02,P1034,105
2024-08-04,W03,P1021,57
2024-08-06,W03,P1017,23
2024-08-06,W03,P1022,173
2024-08-06,W03,P1053,599
2024-08-07,W01,P1019,109
2024-08-07,W01,P1028,41
2024-08-07,W02,P1058,151
2024-08-08,W02,P1017,51
2024-08-09,W03,P1002,185
2024-08-10,W02,P1009,647
2024-08-10,W03,P1018,71
2024-08-11,W01,P1009,700
2024-08-11,W01,P1016,176
2024-08-11,W03,P1003,113
2024-08-11,W03,P1029,120
2024-08-12,W01,P1026,53
2024-08-13,W01,P1037,108
2024-08-13,W02,P1008,35
2024-08-13,W03,P1009,438
2024-08-13,W03,P1015,124
2024-08-15,W01,P1007,176
2024-08-15,W01,P1033,1449
2024-08-15,W01,P1055,56
2024-08-15,W02,P1002,256
2024-08-15,W02,P1029,168
2024-08-16,W02,P1005,26
2024-08-16,W02,P1007,169
2024-08-16,W02,P1054,856
2024-08-16,W03,P1042,74
2024-08-16,W03,P1055,36
2024-08-17,W01,P1003,161
2024-08-17,W01,P1010,105
2024-08-17,W01,P1014,949
2024-08-17,W03,P1028,23
2024-08-19,W01,P1004,285
2024-08-19,W01,P1030,179
2024-08-20,W01,P1020,106
2024-08-20,W03,P1014,580
2024-08-20,W03,P1033,193
2024-08-21,W01,P1050,266
2024-08-21,W02,P1036,102
2024-08-21,W03,P1049,71
2024-08-22,W01,P1008,141
2024-08-22,W02,P1014,167
2024-08-22,W03,P1004,937
2024-08-22,W03,P1023,117
2024-08-23,W02,P1004,269
2024-08-23,W02,P1010,104
2024-08-24,W03,P1050,70
2024-08-25,W03,P1035,34
2024-08-26,W03,P1026,36
2024-08-29,W02,P1015,166
2024-08-31,W02,P1011,103
2024-09-02,W03,P1010,70
2024-09-03,W01,P1017,54
2024-09-03,W01,P1040,27
2024-09-04,W03,P1057,76
2024-09-06,W02,P1016,248
2024-09-06,W02,P1032,75
2024-09-08,W02,P1040,52
2024-09-08,W03,P1031,45
2024-09-08,W03,P1056,72
2024-09-09,W02,P1044,100
2024-09-09,W02,P1057,102
2024-09-10,W02,P1056,72
2024-09-10,W03,P1005,45
2024-09-11,W01,P1038,168
2024-09-11,W03,P1017,23
2024-09-12,W01,P1057,81
2024-09-12,W02,P1005,26
2024-09-13,W02,P1050,77
2024-09-13,W03,P1043,288
2024-09-14,W01,P1001,361
2024-09-14,W01,P1018,327
2024-09-14,W01,P1044,163
2024-09-14,W01,P1053,549
2024-09-14,W03,P1008,34
2024-09-15,W03,P1032,75
2024-09-16,W01,P1012,440
2024-09-16,W02,P1007,169
2024-09-16,W02,P1018,100
2024-09-16,W02,P1033,402
2024-09-16,W03,P1016,238
2024-09-17,W01,P1025,161
2024-09-17,W01,P1027,108
2024-09-17,W03,P1058,112
2024-09-17,W03,P1060,107
2024-09-18,W01,P1019,109
2024-09-18,W03,P1007,180
2024-09-19,W01,P1021,53
2024-09-19,W01,P1029,362
2024-09-19,W01,P1047,167
2024-09-19,W01,P1055,56
2024-09-19,W03,P1048,378
2024-09-20,W02,P1027,71
2024-09-20,W02,P1047,151
2024-09-20,W02,P1048,398
2024-09-20,W03,P1013,374
2024-09-20,W03,P1039,444
2024-09-21,W01,P1002,372
2024-09-21,W01,P1007,176
2024-09-21,W01,P1059,114
2024-09-21,W02,P1034,105
2024-09-21,W02,P1052,394
2024-09-21,W02,P1053,331
2024-09-21,W03,P1059,109
2024-09-22,W01,P1015,277
2024-09-22,W02,P1012,404
2024-09-22,W02,P1043,533
2024-09-22,W03,P1025,105
2024-09-23,W01,P1004,285
2024-09-23,W01,P1010,105
2024-09-23,W01,P1026,53
2024-09-23,W03,P1018,71
2024-09-24,W01,P1023,275
2024-09-24,W01,P1056,169
2024-09-24,W02,P1006,324
2024-09-24,W02,P1022,104
2024-09-24,W03,P1012,392
2024-09-24,W03,P1019,144
2024-09-24,W03,P1047,103
2024-09-25,W01,P1011,83
2024-09-25,W01,P1024,86
2024-09-25,W01,P1035,40
2024-09-25,W01,P1043,439
2024-09-25,W02,P1001,336
2024-09-25,W02,P1023,345
2024-09-25,W02,P1045,251
2024-09-25,W02,P1051,541
2024-09-25,W03,P1011,58
2024-09-25,W03,P1034,143
2024-09-26,W01,P1048,444
2024-09-26,W01,P1052,431
2024-09-26,W03,P1046,23
2024-09-27,W01,P1005,57
2024-09-27,W01,P1030,179
2024-09-27,W01,P1034,224
2024-09-27,W01,P1054,536
2024-09-27,W02,P1010,104
2024-09-27,W02,P1046,52
2024-09-27,W03,P1029,120
2024-09-27,W03,P1038,74
2024-09-28,W01,P1013,594
2024-09-28,W02,P1004,269
2024-09-28,W02,P1039,825
2024-09-28,W03,P1002,185
2024-09-28,W03,P1006,365
2024-09-28,W03,P1036,141
2024-09-29,W01,P1006,542
2024-09-29,W02,P1009,647
2024-09-29,W02,P1025,202
2024-09-29,W02,P1029,168
2024-09-29,W02,P1060,148
2024-09-29,W03,P1001,248
2024-09-30,W01,P1016,176
2024-09-30,W02,P1013,813
2024-09-30,W03,P1015,124
2024-10-01,W01,P1041,160
2024-10-01,W01,P1045,546
2024-10-01,W02,P1002,256
2024-10-01,W02,P1003,206
2024-10-01,W02,P1042,311
2024-10-01,W03,P1003,113
2024-10-02,W01,P1039,910
2024-10-02,W02,P1030,491
2024-10-02,W02,P1036,102
2024-10-02,W02,P1038,150
2024-10-02,W03,P1030,240
2024-10-02,W03,P1041,106
2024-10-02,W03,P1054,237
2024-10-03,W01,P1037,108
2024-10-03,W02,P1008,35
2024-10-03,W02,P1019,147
2024-10-03,W02,P1024,78
2024-10-04,W03,P1009,438
2024-10-04,W03,P1051,278
2024-10-05,W01,P1009,700
2024-10-05,W01,P1036,331
2024-10-05,W01,P1060,164
2024-10-05,W03,P1033,193
2024-10-05,W03,P1049,71
2024-10-06,W01,P1049,220
2024-10-06,W03,P1055,36
2024-10-07,W01,P1031,38
2024-10-07,W01,P1051,573
2024-10-07,W01,P1058,168
2024-10-07,W02,P1020,198
2024-10-07,W02,P1059,108
2024-10-08,W01,P1046,58
2024-10-08,W02,P1026,105
2024-10-08,W02,P1037,148
2024-10-08,W03,P1024,97
2024-10-08,W03,P1052,582
2024-10-09,W01,P1032,158
2024-10-09,W02,P1014,167
2024-10-09,W03,P1042,74
2024-10-09,W03,P1044,107
2024-10-10,W01,P1003,161
2024-10-10,W02,P1055,78
2024-10-11,W01,P1020,106
2024-10-11,W02,P1015,166
2024-10-11,W02,P1049,216
2024-10-11,W03,P1037,143
2024-10-12,W03,P1010,70
2024-10-12,W03,P1023,117
2024-10-13,W02,P1021,80
2024-10-13,W02,P1035,50
2024-10-14,W01,P1042,324
2024-10-14,W02,P1005,26
2024-10-14,W02,P1041,141
2024-10-14,W03,P1020,208
2024-10-16,W03,P1040,45
2024-10-17,W02,P1058,151
2024-10-19,W01,P1022,170
2024-10-23,W03,P1021,57
2024-10-24,W01,P1028,41
2024-10-27,W02,P1007,169
2024-10-28,W02,P1044,100
2024-10-30,W02,P1028,56
2024-11-03,W01,P1007,176
2024-11-03,W01,P1040,27
2024-11-03,W03,P1026,36
2024-11-07,W01,P1019,109
2024-11-07,W02,P1004,269
2024-11-07,W02,P1031,76
2024-11-09,W03,P1028,23
2024-11-09,W03,P1035,34
2024-11-10,W01,P1004,285
2024-11-13,W01,P1055,56
2024-11-16,W02,P1018,100
2024-11-17,W01,P1030,179
2024-11-18,W01,P1010,105
2024-11-18,W03,P1029,120
2024-11-19,W01,P1021,53
2024-11-19,W03,P1018,71
2024-11-20,W01,P1016,176
2024-11-20,W02,P1056,72
2024-11-21,W02,P1034,105
2024-11-22,W02,P1032,75
2024-11-25,W03,P1007,180
2024-11-26,W01,P1012,440
2024-11-26,W01,P1037,108
2024-11-27,W02,P1010,104
2024-11-28,W01,P1026,53
2024-11-28,W02,P1016,248
2024-11-28,W02,P1036,102
2024-11-29,W03,P1015,124
2024-11-29,W03,P1049,71
2024-11-30,W03,P1043,288
2024-12-01,W02,P1029,168
2024-12-01,W03,P1038,74
2024-12-01,W03,P1060,107
2024-12-02,W02,P1015,166
2024-12-04,W01,P1025,161
2024-12-04,W03,P1033,193
2024-12-04,W03,P1058,112
2024-12-05,W01,P1047,167
2024-12-05,W02,P1014,167
2024-12-06,W01,P1044,163
2024-12-06,W02,P1008,35
2024-12-06,W03,P1046,23
2024-12-07,W01,P1020,106
2024-12-09,W02,P1047,151
2024-12-10,W02,P1012,404
2024-12-10,W02,P1048,398
2024-12-11,W01,P1011,83
2024-12-11,W01,P1024,86
2024-12-11,W02,P1017,51
2024-12-11,W03,P1010,70
2024-12-11,W03,P1017,23
2024-12-11,W03,P1042,74
2024-12-11,W03,P1055,36
2024-12-12,W01,P1038,168
2024-12-12,W02,P1033,402
2024-12-12,W03,P1025,105
2024-12-12,W03,P1039,444
2024-12-13,W02,P1011,103
2024-12-15,W01,P1015,277
2024-12-15,W01,P1023,275
2024-12-15,W02,P1009,647
2024-12-15,W02,P1027,71
2024-12-15,W03,P1023,117
2024-12-16,W01,P1057,81
2024-12-16,W02,P1045,251
2024-12-16,W02,P1052,394
2024-12-17,W01,P1035,40
2024-12-19,W01,P1048,444
2024-12-19,W03,P1050,70
2024-12-20,W02,P1050,77
2024-12-21,W01,P1009,700
2024-12-21,W01,P1052,431
2024-12-21,W02,P1060,148
2024-12-22,W02,P1044,100
2024-12-22,W03,P1057,76
2024-12-23,W02,P1005,26
2024-12-24,W01,P1043,439
2024-12-24,W02,P1019,147
2024-12-25,W01,P1058,168
2024-12-25,W01,P1059,114
2024-12-25,W03,P1011,58
2024-12-28,W02,P1024,78
2024-12-28,W03,P1002,185
2024-12-29,W01,P1041,160
2024-12-29,W03,P1051,278
2024-12-30,W01,P1003,161
2024-12-30,W02,P1002,256
2024-12-30,W02,P1040,52
2024-12-30,W03,P1003,113
2024-12-30,W03,P1041,106
2024-12-31,W01,P1019,109
2024-12-31,W02,P1021,80
2024-12-31,W03,P1009,438
2025-01-01,W03,P1047,103
2025-01-01,W03,P1048,378
2025-01-02,W01,P1031,38
2025-01-02,W01,P1060,164
2025-01-02,W02,P1038,150
2025-01-03,W01,P1028,41
2025-01-03,W02,P1058,151
2025-01-03,W03,P1021,57
2025-01-03,W03,P1044,107
2025-01-04,W01,P1001,361
2025-01-04,W01,P1027,108
2025-01-04,W02,P1041,141
2025-01-04,W03,P1008,34
2025-01-04,W03,P1026,36
2025-01-05,W02,P1007,169
2025-01-05,W02,P1037,148
2025-01-05,W02,P1057,102
2025-01-08,W01,P1021,53
2025-01-08,W01,P1046,58
2025-01-09,W02,P1018,100
2025-01-09,W03,P1013,374
2025-01-10,W02,P1046,52
2025-01-10,W03,P1056,72
2025-01-11,W01,P1055,56
2025-01-11,W03,P1031,45
2025-01-12,W03,P1016,238
2025-01-12,W03,P1032,75
2025-01-13,W01,P1017,54
2025-01-13,W02,P1001,336
2025-01-13,W03,P1029,120
2025-01-14,W02,P1051,541
2025-01-14,W02,P1055,78
2025-01-15,W01,P1029,362
2025-01-16,W01,P1016,176
2025-01-16,W01,P1040,27
2025-01-16,W03,P1012,392
2025-01-17,W02,P1003,206
2025-01-17,W02,P1053,331
2025-01-17,W03,P1018,71
2025-01-17,W03,P1049,71
2025-01-18,W02,P1023,345
2025-01-19,W02,P1006,324
2025-01-20,W01,P1004,285
2025-01-20,W01,P1010,105
2025-01-20,W01,P1034,224
2025-01-20,W02,P1004,269
2025-01-20,W02,P1043,533
2025-01-21,W01,P1007,176
2025-01-21,W01,P1013,594
2025-01-21,W01,P1030,179
2025-01-21,W02,P1026,105
2025-01-21,W02,P1039,825
2025-01-22,W01,P1039,910
2025-01-22,W03,P1038,74
2025-01-23,W01,P1037,108
2025-01-23,W01,P1051,573
2025-01-23,W02,P1020,198
2025-01-23,W02,P1034,105
2025-01-23,W03,P1015,124
2025-01-23,W03,P1019,144
2025-01-24,W02,P1025,202
2025-01-24,W02,P1036,102
2025-01-24,W03,P1036,141
2025-01-26,W02,P1015,166
2025-01-26,W02,P1022,104
2025-01-26,W02,P1029,168
2025-01-26,W03,P1035,34
2025-01-27,W01,P1049,220
2025-01-27,W03,P1033,193
2025-01-28,W03,P1054,237
2025-01-29,W02,P1049,216
2025-01-30,W02,P1014,167
2025-01-30,W03,P1001,248
2025-01-31,W01,P1002,372
2025-01-31,W03,P1028,23
2025-02-01,W01,P1026,53
2025-02-01,W03,P1030,240
2025-02-02,W02,P1059,108
2025-02-02,W03,P1034,143
2025-02-03,W01,P1005,57
2025-02-03,W03,P1023,117
2025-02-08,W02,P1028,56
2025-02-10,W02,P1010,104
2025-02-12,W01,P1020,106
2025-02-12,W02,P1056,72
2025-02-12,W03,P1017,23
2025-02-14,W03,P1037,143
2025-02-14,W03,P1042,74
2025-02-16,W02,P1032,75
2025-02-16,W03,P1055,36
2025-02-17,W01,P1024,86
2025-02-17,W02,P1035,50
2025-02-19,W02,P1016,248
2025-02-19,W03,P1005,45
2025-02-20,W01,P1018,327
2025-02-22,W01,P1047,167
2025-02-22,W02,P1044,100
2025-02-22,W03,P1060,107
2025-02-24,W03,P1046,23
2025-02-26,W01,P1019,109
2025-02-26,W01,P1044,163
2025-02-26,W01,P1057,81
2025-02-26,W02,P1047,151
2025-02-26,W03,P1043,288
2025-02-26,W03,P1059,109
2025-02-27,W01,P1035,40
2025-03-01,W03,P1029,120
2025-03-02,W01,P1038,168
2025-03-02,W02,P1019,147
2025-03-02,W03,P1058,112
2025-03-03,W01,P1056,169
2025-03-03,W02,P1033,402
2025-03-04,W01,P1021,53
2025-03-04,W02,P1027,71
2025-03-04,W02,P1048,398
2025-03-05,W01,P1016,176
2025-03-05,W03,P1039,444
2025-03-06,W01,P1023,275
2025-03-06,W01,P1025,161
2025-03-06,W01,P1031,38
2025-03-06,W01,P1055,56
2025-03-06,W02,P1018,100
2025-03-06,W02,P1050,77
2025-03-06,W03,P1026,36
2025-03-07,W01,P1043,439
2025-03-07,W01,P1054,536
2025-03-07,W02,P1042,311
2025-03-08,W01,P1015,277
2025-03-08,W01,P1041,160
2025-03-08,W01,P1048,444
2025-03-08,W02,P1045,251
2025-03-08,W02,P1060,148
2025-03-08,W03,P1018,71
2025-03-09,W01,P1060,164
2025-03-09,W03,P1010,70
2025-03-09,W03,P1020,208
2025-03-10,W02,P1052,394
2025-03-10,W03,P1021,57
2025-03-10,W03,P1038,74
2025-03-11,W01,P1036,331
2025-03-11,W01,P1058,168
2025-03-11,W02,P1034,105
2025-03-12,W02,P1013,813
2025-03-12,W02,P1029,168
2025-03-13,W02,P1021,80
2025-03-13,W02,P1037,148
2025-03-14,W01,P1045,546
2025-03-14,W01,P1052,431
2025-03-14,W01,P1053,549
2025-03-14,W03,P1025,105
2025-03-14,W03,P1047,103
2025-03-14,W03,P1049,71
2025-03-15,W02,P1015,166
2025-03-15,W02,P1030,491
2025-03-15,W03,P1044,107
2025-03-16,W01,P1030,179
2025-03-16,W02,P1058,151
2025-03-17,W02,P1038,150
2025-03-17,W03,P1024,97
2025-03-17,W03,P1051,278
2025-03-19,W02,P1036,102
2025-03-19,W02,P1055,78
2025-03-19,W03,P1015,124
2025-03-19,W03,P1033,193
2025-03-20,W01,P1032,158
2025-03-20,W02,P1014,167
2025-03-20,W02,P1041,141
2025-03-20,W03,P1052,582
2025-03-21,W01,P1012,440
2025-03-21,W01,P1026,53
2025-03-21,W02,P1005,26
2025-03-23,W01,P1037,108
2025-03-23,W03,P1007,180
2025-03-23,W03,P1023,117
2025-03-24,W01,P1028,41
2025-03-25,W01,P1040,27
2025-03-25,W03,P1041,106
2025-03-27,W01,P1042,324
2025-03-27,W03,P1040,45
2025-03-28,W02,P1007,169
2025-03-28,W02,P1040,52
2025-03-30,W01,P1020,106
2025-03-30,W02,P1012,404
2025-03-31,W03,P1042,74
2025-03-31,W03,P1055,36
2025-04-01,W02,P1024,78
2025-04-01,W03,P1028,23
2025-04-01,W03,P1050,70
2025-04-01,W03,P1057,76
2025-04-02,W02,P1008,35
2025-04-02,W03,P1006,365
2025-04-02,W03,P1017,23
2025-04-03,W01,P1007,176
2025-04-03,W02,P1004,269
2025-04-03,W02,P1031,76
2025-04-03,W03,P1011,58
2025-04-04,W01,P1050,266
2025-04-05,W01,P1004,285
2025-04-05,W01,P1022,170
2025-04-05,W03,P1027,161
2025-04-05,W03,P1032,75
2025-04-06,W01,P1019,109
2025-04-06,W03,P1056,72
2025-04-07,W02,P1009,647
2025-04-08,W03,P1003,113
2025-04-08,W03,P1048,378
2025-04-09,W01,P1006,542
2025-04-09,W01,P1010,105
2025-04-09,W01,P1027,108
2025-04-09,W01,P1046,58
2025-04-09,W02,P1010,104
2025-04-09,W02,P1044,100
2025-04-10,W01,P1009,700
2025-04-11,W02,P1017,51
2025-04-11,W03,P1002,185
2025-04-11,W03,P1016,238
2025-04-11,W03,P1045,603
2025-04-12,W01,P1059,114
2025-04-12,W02,P1046,52
2025-04-12,W03,P1046,23
2025-04-12,W03,P1053,599
2025-04-13,W02,P1057,102
2025-04-13,W03,P1022,173
2025-04-13,W03,P1035,34
2025-04-14,W01,P1034,224
2025-04-14,W02,P1002,256
2025-04-15,W02,P1032,75
2025-04-15,W02,P1051,541
2025-04-16,W02,P1043,533
2025-04-16,W03,P1029,120
2025-04-17,W01,P1003,161
2025-04-17,W01,P1013,594
2025-04-17,W01,P1021,53
2025-04-17,W03,P1009,438
2025-04-17,W03,P1034,143
2025-04-18,W01,P1016,176
2025-04-18,W01,P1033,1449
2025-04-18,W01,P1039,910
2025-04-18,W02,P1023,345
2025-04-18,W02,P1039,825
2025-04-18,W03,P1018,71
2025-04-19,W01,P1017,54
2025-04-19,W02,P1029,168
2025-04-19,W02,P1034,105
2025-04-19,W02,P1056,72
2025-04-19,W03,P1019,144
2025-04-20,W01,P1029,362
2025-04-20,W02,P1018,100
2025-04-20,W02,P1025,202
2025-04-20,W03,P1013,374
2025-04-21,W01,P1011,83
2025-04-21,W01,P1035,40
2025-04-21,W01,P1051,573
2025-04-21,W01,P1055,56
2025-04-22,W02,P1054,856
2025-04-23,W01,P1014,949
2025-04-23,W02,P1049,216
2025-04-23,W03,P1014,580
2025-04-23,W03,P1049,71
2025-04-24,W01,P1049,220
2025-04-24,W02,P1016,248
2025-04-24,W02,P1020,198
2025-04-24,W02,P1026,105
2025-04-24,W02,P1053,331
2025-04-24,W03,P1038,74
2025-04-24,W03,P1054,237
2025-04-25,W02,P1036,102
2025-04-25,W03,P1015,124
2025-04-26,W02,P1015,166
2025-04-26,W02,P1059,108
2025-04-27,W01,P1037,108
2025-04-27,W01,P1044,163
2025-04-27,W01,P1047,167
2025-04-28,W02,P1014,167
2025-04-28,W03,P1033,193
2025-04-28,W03,P1043,288
2025-04-29,W01,P1020,106
2025-04-29,W01,P1030,179
2025-04-29,W03,P1010,70
2025-04-29,W03,P1026,36
2025-04-29,W03,P1030,240
2025-04-29,W03,P1036,141
2025-04-30,W01,P1008,141
2025-04-30,W01,P1057,81
2025-04-30,W02,P1022,104
2025-05-01,W01,P1024,86
2025-05-01,W01,P1040,27
2025-05-01,W02,P1035,50
2025-05-01,W02,P1047,151
2025-05-01,W02,P1060,148
2025-05-02,W01,P1038,168
2025-05-02,W03,P1031,45
2025-05-02,W03,P1037,143
2025-05-02,W03,P1058,112
2025-05-03,W01,P1041,160
2025-05-03,W02,P1011,103
2025-05-03,W03,P1039,444
2025-05-03,W03,P1060,107
2025-05-04,W01,P1043,439
2025-05-04,W01,P1048,444
2025-05-04,W02,P1045,251
2025-05-04,W02,P1048,398
2025-05-05,W01,P1001,361
2025-05-05,W02,P1033,402
2025-05-05,W02,P1050,77
2025-05-05,W03,P1023,117
2025-05-05,W03,P1042,74
2025-05-06,W01,P1025,161
2025-05-06,W01,P1026,53
2025-05-06,W02,P1005,26
2025-05-07,W02,P1058,151
2025-05-08,W01,P1023,275
2025-05-09,W02,P1019,147
2025-05-09,W03,P1047,103
2025-05-09,W03,P1055,36
2025-05-10,W01,P1015,277
2025-05-10,W01,P1052,431
2025-05-10,W01,P1058,168
2025-05-10,W01,P1060,164
2025-05-10,W02,P1027,71
2025-05-10,W02,P1044,100
2025-05-10,W02,P1052,394
2025-05-10,W03,P1044,107
2025-05-11,W02,P1007,169
2025-05-11,W03,P1004,937
2025-05-12,W01,P1005,57
2025-05-12,W01,P1031,38
2025-05-12,W02,P1021,80
2025-05-12,W03,P1008,34
2025-05-12,W03,P1021,57
2025-05-12,W03,P1051,278
2025-05-13,W01,P1007,176
2025-05-13,W02,P1003,206
2025-05-13,W02,P1010,104
2025-05-13,W03,P1012,392
2025-05-13,W03,P1025,105
2025-05-14,W01,P1028,41
2025-05-14,W02,P1037,148
2025-05-14,W03,P1028,23
2025-05-15,W01,P1019,109
2025-05-16,W02,P1004,269
2025-05-16,W02,P1028,56
2025-05-16,W02,P1038,150
2025-05-16,W02,P1041,141
2025-05-16,W03,P1005,45
2025-05-16,W03,P1041,106
2025-05-17,W02,P1006,324
2025-05-18,W01,P1004,285
2025-05-18,W03,P1001,248
2025-05-19,W02,P1055,78
2025-05-19,W03,P1018,71
2025-05-21,W01,P1002,372
2025-05-21,W01,P1010,105
2025-05-21,W02,P1001,336
2025-05-22,W01,P1012,440
2025-05-23,W01,P1040,27
2025-05-24,W03,P1038,74
2025-05-25,W01,P1016,176
2025-05-25,W02,P1029,168
2025-05-25,W02,P1034,105
2025-05-26,W01,P1021,53
2025-05-26,W03,P1029,120
2025-05-27,W01,P1055,56
2025-05-28,W02,P1012,404
2025-05-29,W02,P1018,100
2025-05-30,W03,P1015,124
2025-05-31,W01,P1037,108
2025-05-31,W02,P1005,26
2025-05-31,W03,P1007,180
2025-05-31,W03,P1010,70
2025-05-31,W03,P1049,71
2025-06-01,W03,P1011,58
2025-06-03,W02,P1014,167
2025-06-03,W02,P1036,102
2025-06-03,W03,P1002,185
2025-06-03,W03,P1033,193
2025-06-04,W02,P1015,166
2025-06-04,W02,P1024,78
2025-06-05,W01,P1020,106
2025-06-05,W01,P1030,179
2025-06-06,W01,P1009,700
2025-06-07,W02,P1009,647
2025-06-07,W03,P1057,76
2025-06-08,W02,P1002,256
2025-06-09,W01,P1003,161
2025-06-09,W02,P1040,52
2025-06-09,W03,P1026,36
2025-06-10,W02,P1032,75
2025-06-10,W02,P1056,72
2025-06-10,W03,P1003,113
2025-06-10,W03,P1023,117
2025-06-10,W03,P1055,36
2025-06-11,W03,P1042,74
2025-06-12,W01,P1056,169
2025-06-12,W03,P1009,438
2025-06-12,W03,P1059,109
2025-06-13,W01,P1018,327
2025-06-14,W01,P1007,176
2025-06-14,W03,P1017,23
2025-06-15,W01,P1026,53
2025-06-15,W02,P1007,169
2025-06-16,W01,P1011,83
2025-06-17,W02,P1060,148
2025-06-17,W03,P1046,23
2025-06-17,W03,P1058,112
2025-06-18,W01,P1004,285
2025-06-18,W02,P1004,269
2025-06-18,W02,P1008,35
2025-06-18,W02,P1010,104
2025-06-19,W01,P1035,40
2025-06-19,W01,P1044,163
2025-06-19,W01,P1059,114
2025-06-20,W02,P1044,100
2025-06-21,W02,P1046,52
2025-06-21,W03,P1048,378
2025-06-22,W01,P1019,109
2025-06-22,W02,P1045,251
2025-06-22,W02,P1057,102
2025-06-22,W03,P1035,34
2025-06-23,W01,P1010,105
2025-06-23,W02,P1016,248
2025-06-23,W02,P1043,533
2025-06-23,W03,P1016,238
2025-06-24,W01,P1057,81
2025-06-24,W02,P1017,51
2025-06-24,W02,P1047,151
2025-06-24,W03,P1028,23
2025-06-24,W03,P1039,444
2025-06-24,W03,P1044,107
2025-06-25,W01,P1034,224
2025-06-25,W01,P1038,168
2025-06-25,W01,P1040,27
2025-06-25,W01,P1047,167
2025-06-25,W03,P1018,71
2025-06-25,W03,P1021,57
2025-06-25,W03,P1043,288
2025-06-25,W03,P1054,237
2025-06-26,W01,P1041,160
2025-06-26,W02,P1027,71
2025-06-26,W03,P1060,107
2025-06-27,W01,P1017,54
2025-06-27,W01,P1024,86
2025-06-27,W01,P1025,161
2025-06-27,W01,P1027,108
2025-06-27,W01,P1043,439
2025-06-27,W01,P1048,444
2025-06-27,W01,P1054,536
2025-06-27,W01,P1058,168
2025-06-27,W02,P1048,398
2025-06-27,W02,P1050,77
2025-06-27,W03,P1038,74
2025-06-28,W01,P1013,594
2025-06-28,W01,P1031,38
2025-06-28,W01,P1039,910
2025-06-28,W02,P1042,311
2025-06-28,W02,P1051,541
2025-06-28,W02,P1058,151
2025-06-28,W03,P1056,72
2025-06-29,W02,P1023,345
2025-06-29,W02,P1033,402
2025-06-29,W03,P1029,120
2025-06-30,W01,P1016,176
2025-06-30,W01,P1023,275
2025-06-30,W01,P1053,549
2025-06-30,W02,P1039,825
2025-06-30,W02,P1053,331
2025-07-01,W01,P1015,277
2025-07-01,W01,P1029,362
2025-07-01,W01,P1037,108
2025-07-01,W01,P1045,546
2025-07-01,W01,P1051,573
2025-07-01,W01,P1052,431
2025-07-01,W02,P1019,147
2025-07-01,W02,P1029,168
2025-07-01,W02,P1038,150
2025-07-01,W03,P1034,143
2025-07-02,W01,P1060,164
2025-07-02,W02,P1005,26
2025-07-02,W02,P1020,198
2025-07-02,W02,P1025,202
2025-07-02,W03,P1010,70
2025-07-02,W03,P1019,144
2025-07-02,W03,P1041,106
2025-07-03,W02,P1034,105
2025-07-03,W02,P1041,141
2025-07-03,W03,P1020,208
2025-07-03,W03,P1032,75
2025-07-04,W01,P1028,41
2025-07-04,W01,P1046,58
2025-07-04,W02,P1013,813
2025-07-04,W03,P1013,374
2025-07-04,W03,P1047,103
2025-07-05,W01,P1021,53
2025-07-05,W01,P1032,158
2025-07-05,W02,P1049,216
2025-07-05,W03,P1015,124
2025-07-05,W03,P1050,70
2025-07-06,W01,P1001,361
2025-07-06,W01,P1020,106
2025-07-06,W03,P1008,34
2025-07-06,W03,P1033,193
2025-07-06,W03,P1052,582
2025-07-07,W01,P1049,220
2025-07-07,W01,P1055,56
2025-07-07,W02,P1015,166
2025-07-07,W02,P1018,100
2025-07-07,W02,P1022,104
2025-07-07,W02,P1028,56
2025-07-07,W02,P1052,394
2025-07-07,W02,P1055,78
2025-07-07,W02,P1059,108
2025-07-08,W01,P1030,179
2025-07-08,W01,P1042,324
2025-07-08,W02,P1030,491
2025-07-08,W02,P1036,102
2025-07-08,W03,P1051,278
2025-07-09,W01,P1022,170
2025-07-09,W02,P1037,148
2025-07-09,W03,P1025,105
2025-07-09,W03,P1036,141
2025-07-10,W01,P1012,440
2025-07-10,W01,P1036,331
2025-07-10,W03,P1024,97
2025-07-10,W03,P1030,240
2025-07-10,W03,P1049,71
2025-07-12,W02,P1006,324
2025-07-13,W02,P1026,105
2025-07-14,W02,P1014,167
2025-07-14,W03,P1007,180
2025-07-14,W03,P1023,117
2025-07-14,W03,P1026,36
2025-07-15,W01,P1004,285
2025-07-15,W02,P1003,206
2025-07-15,W02,P1012,404
2025-07-15,W03,P1006,365
2025-07-15,W03,P1037,143
2025-07-16,W01,P1007,176
2025-07-16,W01,P1026,53
2025-07-16,W02,P1001,336
2025-07-16,W03,P1012,392
2025-07-17,W02,P1011,103
2025-07-17,W02,P1024,78
2025-07-18,W02,P1004,269
2025-07-18,W02,P1007,169
2025-07-18,W03,P1005,45
2025-07-18,W03,P1042,74
2025-07-19,W02,P1010,104
2025-07-19,W03,P1002,185
2025-07-20,W01,P1010,105
2025-07-20,W02,P1035,50
2025-07-20,W03,P1001,248
2025-07-21,W01,P1006,542
2025-07-21,W03,P1011,58
2025-07-21,W03,P1055,36
2025-07-23,W02,P1009,647
2025-07-24,W01,P1002,372
2025-07-24,W01,P1009,700
2025-07-24,W02,P1031,76
2025-07-25,W02,P1021,80
2025-07-26,W01,P1005,57
2025-07-26,W02,P1002,256
2025-07-27,W01,P1003,161
2025-07-27,W03,P1009,438
2025-07-27,W03,P1046,23
2025-07-28,W01,P1011,83
2025-07-28,W03,P1003,113
2025-07-30,W01,P1040,27
2025-07-30,W03,P1010,70
2025-07-30,W03,P1031,45
2025-07-31,W02,P1044,100
2025-08-01,W03,P1029,120
2025-08-02,W01,P1019,109
2025-08-03,W02,P1005,26
2025-08-03,W03,P1038,74
2025-08-04,W01,P1016,176
2025-08-04,W03,P1028,23
2025-08-04,W03,P1040,45
2025-08-05,W01,P1021,53
2025-08-06,W03,P1018,71
2025-08-07,W02,P1029,168
2025-08-07,W02,P1034,105
2025-08-08,W02,P1008,35
2025-08-08,W03,P1015,124
2025-08-09,W02,P1060,148
2025-08-10,W01,P1037,108
2025-08-10,W02,P1036,102
2025-08-11,W02,P1015,166
2025-08-11,W02,P1032,75
2025-08-11,W03,P1033,193
2025-08-11,W03,P1058,112
2025-08-12,W01,P1055,56
2025-08-13,W01,P1030,179
2025-08-13,W03,P1017,23
2025-08-13,W03,P1023,117
2025-08-14,W01,P1026,53
2025-08-14,W02,P1004,269
2025-08-15,W01,P1004,285
2025-08-16,W01,P1007,176
2025-08-16,W02,P1007,169
2025-08-16,W02,P1018,100
2025-08-16,W03,P1049,71
2025-08-18,W02,P1010,104
2025-08-18,W02,P1050,77
2025-08-18,W03,P1008,34
2025-08-19,W01,P1038,168
2025-08-19,W01,P1048,444
2025-08-19,W02,P1016,248
2025-08-19,W02,P1045,251
2025-08-19,W03,P1026,36
2025-08-19,W03,P1044,107
2025-08-20,W01,P1020,106
2025-08-20,W01,P1043,439
2025-08-20,W01,P1044,163
2025-08-20,W01,P1047,167
2025-08-20,W01,P1057,81
2025-08-20,W02,P1027,71
2025-08-20,W02,P1048,398
2025-08-20,W03,P1039,444
2025-08-21,W01,P1010,105
2025-08-21,W02,P1014,167
2025-08-21,W02,P1047,151
2025-08-21,W03,P1043,288
2025-08-22,W03,P1035,34
2025-08-23,W01,P1023,275
2025-08-23,W02,P1019,147
2025-08-24,W01,P1012,440
2025-08-24,W01,P1024,86
2025-08-24,W01,P1035,40
2025-08-24,W02,P1041,141
2025-08-24,W02,P1056,72
2025-08-25,W01,P1041,160
2025-08-25,W01,P1058,168
2025-08-26,W01,P1015,277
2025-08-26,W01,P1025,161
2025-08-26,W01,P1052,431
2025-08-26,W01,P1060,164
2025-08-26,W02,P1038,150
2025-08-26,W03,P1042,74
2025-08-27,W02,P1033,402
2025-08-27,W02,P1058,151
2025-08-30,W02,P1005,26
2025-08-30,W02,P1012,404
2025-08-31,W02,P1017,51
2025-08-31,W02,P1052,394
2025-08-31,W02,P1055,78
2025-08-31,W03,P1010,70
2025-08-31,W03,P1047,103
2025-09-01,W02,P1040,52
2025-09-01,W03,P1041,106
2025-09-01,W03,P1051,278
2025-09-01,W03,P1060,107
2025-09-02,W03,P1002,185
2025-09-03,W01,P1031,38
2025-09-03,W03,P1025,105
2025-09-03,W03,P1057,76
2025-09-04,W01,P1034,224
2025-09-04,W01,P1059,114
2025-09-04,W02,P1037,148
2025-09-04,W03,P1007,180
2025-09-05,W02,P1024,78
2025-09-06,W03,P1048,378
2025-09-07,W02,P1053,331
2025-09-07,W03,P1021,57
2025-09-07,W03,P1032,75
2025-09-08,W01,P1001,361
2025-09-08,W02,P1009,647
2025-09-08,W02,P1044,100
2025-09-08,W02,P1046,52
2025-09-09,W01,P1009,700
2025-09-09,W02,P1039,825
2025-09-09,W03,P1038,74
2025-09-10,W03,P1011,58
2025-09-10,W03,P1016,238
2025-09-10,W03,P1054,237
2025-09-10,W03,P1055,36
2025-09-11,W02,P1043,533
2025-09-12,W01,P1003,161
2025-09-12,W01,P1011,83
2025-09-12,W01,P1016,176
2025-09-12,W01,P1039,910
2025-09-12,W02,P1002,256
2025-09-12,W02,P1036,102
2025-09-12,W03,P1009,438
2025-09-13,W01,P1040,27
2025-09-13,W01,P1046,58
2025-09-13,W01,P1051,573
2025-09-13,W02,P1025,202
2025-09-13,W03,P1003,113
2025-09-13,W03,P1018,71
2025-09-13,W03,P1034,143
2025-09-13,W03,P1050,70
2025-09-14,W01,P1028,41
2025-09-14,W02,P1020,198
2025-09-15,W02,P1001,336
2025-09-15,W02,P1007,169
2025-09-15,W03,P1012,392
2025-09-15,W03,P1029,120
2025-09-16,W01,P1013,594
2025-09-16,W01,P1019,109
2025-09-16,W02,P1004,269
2025-09-16,W02,P1011,103
2025-09-16,W02,P1029,168
2025-09-16,W03,P1013,374
2025-09-16,W03,P1056,72
2025-09-17,W01,P1027,108
2025-09-17,W01,P1029,362
2025-09-17,W02,P1028,56
2025-09-17,W02,P1051,541
2025-09-18,W01,P1002,372
2025-09-18,W01,P1004,285
2025-09-18,W01,P1037,108
2025-09-18,W02,P1021,80
2025-09-18,W03,P1019,144
2025-09-18,W03,P1033,193
2025-09-19,W01,P1030,179
2025-09-19,W01,P1049,220
2025-09-19,W02,P1003,206
2025-09-19,W02,P1006,324
2025-09-19,W02,P1057,102
2025-09-19,W02,P1059,108
2025-09-19,W03,P1015,124
2025-09-20,W01,P1007,176
2025-09-20,W02,P1010,104
2025-09-20,W02,P1023,345
2025-09-20,W02,P1049,216
2025-09-20,W03,P1001,248
2025-09-20,W03,P1023,117
2025-09-20,W03,P1037,143
2025-09-21,W01,P1010,105
2025-09-21,W02,P1034,105
2025-09-22,W01,P1017,54
2025-09-22,W02,P1015,166
2025-09-22,W02,P1018,100
2025-09-23,W03,P1036,141
2025-09-25,W02,P1026,105
2025-09-25,W03,P1046,23
2025-09-25,W03,P1049,71
2025-09-26,W01,P1005,57
2025-09-26,W02,P1014,167
2025-09-27,W01,P1055,56
2025-09-28,W01,P1021,53
2025-09-29,W02,P1008,35
2025-09-29,W02,P1022,104
2025-09-30,W02,P1005,26
2025-09-30,W03,P1030,240
2025-10-01,W01,P1026,53
2025-10-01,W02,P1035,50
2025-10-01,W03,P1028,23
2025-10-01,W03,P1042,74
2025-10-05,W01,P1020,106
2025-10-05,W03,P1010,70
2025-10-06,W03,P1017,23
2025-10-08,W03,P1005,45
2025-10-08,W03,P1026,36
2025-10-16,W03,P1058,112
2025-10-17,W01,P1012,440
2025-10-18,W03,P1059,109
2025-10-21,W01,P1018,327
2025-10-21,W02,P1007,169
2025-10-21,W03,P1022,173
2025-10-22,W03,P1027,161
2025-10-23,W02,P1056,72
2025-10-23,W02,P1060,148
2025-10-25,W01,P1006,542
2025-10-25,W01,P1044,163
2025-10-26,W02,P1045,251
2025-10-26,W02,P1047,151
2025-10-26,W03,P1004,937
2025-10-27,W01,P1025,161
2025-10-27,W02,P1016,248
2025-10-27,W03,P1029,120
2025-10-27,W03,P1038,74
2025-10-27,W03,P1044,107
2025-10-27,W03,P1053,599
2025-10-28,W01,P1004,285
2025-10-28,W01,P1045,546
2025-10-28,W02,P1004,269
2025-10-28,W02,P1048,398
2025-10-28,W02,P1050,77
2025-10-28,W03,P1002,185
2025-10-28,W03,P1045,603
2025-10-28,W03,P1055,36
2025-10-29,W01,P1043,439
2025-10-29,W01,P1048,444
2025-10-29,W02,P1012,404
2025-10-29,W02,P1044,100
2025-10-29,W03,P1008,34
2025-10-29,W03,P1043,288
2025-10-30,W01,P1008,141
2025-10-30,W03,P1003,113
2025-10-30,W03,P1023,117
2025-10-31,W01,P1023,275
2025-10-31,W01,P1033,1449
2025-10-31,W01,P1047,167
2025-10-31,W01,P1053,549
2025-10-31,W03,P1060,107
2025-11-01,W01,P1010,105
2025-11-01,W01,P1038,168
2025-11-01,W03,P1007,180
2025-11-01,W03,P1039,444
2025-11-02,W01,P1036,331
2025-11-02,W01,P1037,108
2025-11-03,W01,P1016,176
2025-11-03,W01,P1030,179
2025-11-03,W01,P1057,81
2025-11-03,W02,P1010,104
2025-11-03,W02,P1032,75
2025-11-03,W03,P1020,208
2025-11-04,W01,P1009,700
2025-11-04,W01,P1050,266
2025-11-04,W01,P1055,56
2025-11-04,W01,P1056,169
2025-11-04,W02,P1009,647
2025-11-04,W02,P1036,102
2025-11-04,W02,P1042,311
2025-11-04,W02,P1058,151
2025-11-05,W03,P1006,365
2025-11-05,W03,P1015,124
2025-11-05,W03,P1041,106
2025-11-06,W01,P1015,277
2025-11-06,W01,P1040,27
2025-11-06,W01,P1041,160
2025-11-06,W02,P1033,402
2025-11-06,W02,P1037,148
2025-11-06,W02,P1052,394
2025-11-06,W03,P1033,193
2025-11-07,W01,P1007,176
2025-11-07,W01,P1011,83
2025-11-07,W01,P1014,949
2025-11-07,W01,P1052,431
2025-11-07,W02,P1015,166
2025-11-07,W02,P1034,105
2025-11-07,W02,P1038,150
2025-11-07,W03,P1011,58
2025-11-07,W03,P1018,71
2025-11-08,W01,P1003,161
2025-11-08,W01,P1060,164
2025-11-08,W02,P1019,147
2025-11-08,W02,P1031,76
2025-11-08,W02,P1054,856
2025-11-09,W01,P1024,86
2025-11-09,W01,P1058,168
2025-11-09,W03,P1014,580
2025-11-09,W03,P1051,278
2025-11-09,W03,P1052,582
2025-11-10,W01,P1032,158
2025-11-10,W01,P1042,324
2025-11-10,W02,P1027,71
2025-11-11,W01,P1019,109
2025-11-11,W02,P1029,168
2025-11-11,W02,P1041,141
2025-11-11,W03,P1025,105
2025-11-12,W01,P1020,106
2025-11-12,W01,P1054,536
2025-11-12,W02,P1018,100
2025-11-12,W02,P1055,78
2025-11-12,W03,P1010,70
2025-11-12,W03,P1031,45
2025-11-12,W03,P1049,71
2025-11-13,W02,P1013,813
2025-11-14,W02,P1014,167
2025-11-14,W03,P1009,438
2025-11-14,W03,P1040,45
2025-11-15,W01,P1028,41
2025-11-15,W02,P1002,256
2025-11-15,W02,P1030,491
2025-11-19,W01,P1035,40
2025-11-20,W01,P1021,53
2025-11-20,W03,P1024,97
2025-11-22,W01,P1026,53
2025-11-22,W02,P1021,80
2025-11-22,W03,P1021,57
2025-11-24,W01,P1031,38
2025-11-27,W02,P1005,26
2025-11-29,W01,P1022,170
2025-11-30,W03,P1042,74
2025-12-02,W02,P1024,78
2025-12-10,W03,P1035,34
2025-12-10,W03,P1046,23
2025-12-18,W01,P1001,361
2025-12-18,W03,P1048,378
2025-12-20,W02,P1008,35
2025-12-20,W02,P1053,331
2025-12-20,W03,P1017,23
2025-12-22,W01,P1027,108
2025-12-22,W03,P1028,23
2025-12-23,W01,P1034,224
2025-12-23,W02,P1043,533
2025-12-23,W03,P1001,248
2025-12-23,W03,P1012,392
2025-12-24,W03,P1016,238
2025-12-24,W03,P1032,75
2025-12-24,W03,P1055,36
2025-12-25,W02,P1007,169
2025-12-25,W02,P1039,825
2025-12-25,W02,P1057,102
2025-12-26,W01,P1017,54
2025-12-26,W01,P1039,910
2025-12-26,W01,P1059,114
2025-12-26,W02,P1001,336
2025-12-26,W03,P1034,143
2025-12-26,W03,P1056,72
2025-12-27,W01,P1016,176
2025-12-27,W02,P1044,100
2025-12-27,W03,P1023,117
2025-12-27,W03,P1057,76
2025-12-28,W01,P1029,362
2025-12-28,W01,P1030,179
2025-12-28,W03,P1029,120
2025-12-28,W03,P1038,74
2025-12-28,W03,P1054,237
2025-12-29,W01,P1004,285
2025-12-29,W02,P1020,198
2025-12-29,W03,P1036,141
2025-12-29,W03,P1050,70
2025-12-30,W01,P1013,594
2025-12-30,W02,P1017,51
2025-12-30,W02,P1023,345
2025-12-30,W03,P1013,374
2025-12-31,W01,P1002,372
2025-12-31,W02,P1004,269
2025-12-31,W02,P1018,100
2025-12-31,W02,P1029,168
2025-12-31,W02,P1036,102
2025-12-31,W02,P1049,216
2025-12-31,W03,P1015,124
