product_id,product_name,category,unit_cost,unit_price,lead_time_days,reorder_level,current_stock
P1001,Orange Juice 1L, beverages ,17.37,$24.38,4,25,327
P1002,Cola 2L,Beverages,3.43,$5.46,11,43,51
P1003,Green Tea 25 bags,Beverages,17.61,$22.80,9,22,187
P1004,Mineral Water 1L,Beverages,20.5,$30.24,7,44,318
P1005,Energy Drink 250ml,Beverages,10.59,$14.08,13,31,56
P1006,Coffee Beans 500g,Beverages,18.47,$27.17,3,12,56
P1007,Mango Drink 1L,Beverages,8.77,$13.94,11,69,393
P1008,Soda Water 500ml,Beverages,5.49,$7.76,12,8,19
P1009,Iced Tea 500ml,BEVERAGES,4.66,$6.94,7,28,76
P1010,Coconut Water 330ml,Beverages,8.18,$11.29,14,33,122
P1011,Apple Juice 1L,Beverages,5.38,$6.97,6,15,96
P1012,Lemonade 1L,Beverages,15.23,$21.37,5,32,0
P1013,Potato Chips 150g, snacks ,15.86,$21.56,8,50,244
P1014,Salted Peanuts 200g,Snacks,9.44,$12.75,12,47,45
P1015,Chocolate Bar 50g,Snacks,4.36,$5.76,12,8,2
P1016,Cookies 300g,Snacks,15.13,$22.65,12,47,241
P1017,Popcorn 100g,Snacks,10.91,$15.81,5,6,38
P1018,Namkeen Mix 400g,Snacks,15.2,$21.51,4,10,4
P1019,Granola Bar 6pk,Snacks,17.18,$25.29,4,10,111
P1020,Cream Biscuits 200g,Snacks,7.73,$9.75,9,22,18
P1021,Cashew Nuts 250g, snacks ,5.9,$8.22,3,19,20
P1022,Wafers 75g,Snacks,2.7,$3.64,5,6,9
P1023,Trail Mix 300g,SNACKS,15.07,$21.78,14,55,235
P1024,Rice Crackers 120g,Snacks,9.83,$15.09,10,12,7
P1025,Dish Soap 500ml,Household,1.97,$2.52,11,43,0
P1026,Laundry Detergent 2kg,Household,4.81,$6.86,8,10,64
P1027,Toilet Paper 12pk,HOUSEHOLD,15.77,$22.18,5,12,25
P1028,Trash Bags 30pk,Household,14.42,$19.85,6,4,3
P1029,Floor Cleaner 1L,Household,3.92,$6.22,8,50,326
P1030,Paper Towels 6pk,Household,6.95,$11.05,11,43,221
P1031,Sponges 5pk,Household,16.2,$22.80,3,4,76
P1032,Air Freshener 300ml,Household,20.0,$28.19,4,5,19
P1033,Hand Wash 250ml,Household,7.77,$11.29,8,10,26
P1034,Bleach 1L,Household,17.05,$25.61,13,31,0
P1035,Glass Cleaner 500ml,Household,14.36,$20.89,10,39,91
P1036,Aluminium Foil 30m,Household,10.02,$12.67,4,10,51
P1037,Shampoo 340ml,Personal Care,8.26,$10.74,5,4,40
P1038,Toothpaste 150g,PERSONAL CARE,5.0,$7.87,10,24,182
P1039,Body Lotion 400ml,Personal Care,8.61,$12.54,4,3,0
P1040,Deodorant 150ml,Personal Care,11.39,$17.36,14,10,8
P1041,Face Wash 100ml,Personal Care,11.48,$16.32,4,39,411
P1042,Soap Bar 4pk,Personal Care,11.21,$15.06,9,22,39
P1043,Razor 3pk,Personal Care,12.17,$17.08,7,5,0
P1044,Sunscreen 100ml,Personal Care,19.87,$25.81,12,29,32
P1045,Hair Oil 200ml,Personal Care,3.73,$5.54,5,6,19
P1046,Mouthwash 500ml,Personal Care,16.4,$24.91,10,7,46
P1047,Hand Cream 75ml,Personal Care,20.28,$26.98,4,3,1
P1048,Lip Balm, personal care ,9.1,$14.02,9,57,365
P1049,Basmati Rice 5kg,STAPLES,8.0,$12.67,10,12,63
P1050,Wheat Flour 5kg,STAPLES,6.75,$10.65,9,11,14
P1051,Sunflower Oil 1L,Staples,2.42,$3.39,4,39,0
P1052,Sugar 1kg,Staples,16.85,$26.32,13,82,0
P1053,Toor Dal 1kg,Staples,12.14,$16.52,7,28,24
P1054,Salt 1kg, staples ,9.16,$11.75,10,39,111
P1055,Tea Powder 500g,Staples,6.88,$10.86,3,4,13
P1056,Pasta 500g,Staples,18.54,$24.17,4,5,24
P1057,Oats 1kg,Staples,13.79,$21.46,6,8,6
P1058,Ghee 500ml,Staples,17.44,$27.73,6,15,46
P1059,Chickpeas 1kg,Staples,4.45,$5.58,6,8,33
P1060,Honey 500g,Staples,15.39,$19.89,4,10,20
