restock_date,product_id,quantity
2024-01-01,P1001,458.0
2024-01-01,P1002,133.0
2024-01-01,P1003,346.0
2024-01-01,P1004,477.0
2024-01-01,P1005,85.0
2024-01-01,P1006,102.0
2024-01-01,P1007,502.0
2024-01-01,P1008,23.0
2024-01-01,P1009,118.0
2024-01-01,P1010,357.0
2024-01-01,P1011,177.0
2024-01-01,P1012,177.0
2024-01-01,P1013,483.0
2024-01-01,P1014,182.0
2024-01-01,P1015,23.0
2024-01-01,P1016,317.0
2024-01-01,P1017,87.0
2024-01-01,P1018,54.0
2024-01-01,P1019,334.0
2024-01-01,P1020,76.0
2024-01-01,P1021,164.0
2024-01-01,P1022,33.0
2024-01-01,P1023,325.0
2024-01-01,P1024,53.0
2024-01-01,P1025,133.0
2024-01-01,P1026,172.0
2024-01-01,P1027,66.0
2024-01-01,P1028,19.0
2024-01-01,P1029,483.0
2024-01-01,P1030,313.0
2024-01-01,P1031,166.0
2024-01-01,P1032,167.0
2024-01-01,P1033,51.0
2024-01-01,P1034,112.0
2024-01-01,P1035,174.0
2024-01-01,P1036,91.0
2024-01-01,P1037,49.0
2024-01-01,P1038,348.0
2024-01-01,P1039,48.0
2024-01-01,P1040,22.0
2024-01-01,P1041,714.0
2024-01-01,P1042,76.0
2024-01-01,P1043,50.0
2024-01-01,P1044,110.0
2024-01-01,P1045,33.0
2024-01-01,P1046,97.0
2024-01-01,P1047,18.0
2024-01-01,P1048,922.0
2024-01-01,P1049,93.0
2024-01-01,P1050,33.0
2024-01-01,P1051,264.0
2024-01-01,P1052,227.0
2024-01-01,P1053,100.0
2024-01-01,P1054,129.0
2024-01-01,P1055,26.0
2024-01-01,P1056,46.0
2024-01-01,P1057,35.0
2024-01-01,P1058,59.0
2024-01-01,P1059,49.0
2024-01-01,P1060,64.0
2024-01-24,P1055,22.0
2024-01-30,P1018,44.0
2024-02-01,P1045,27.0
2024-02-03,P1021,145.0
2024-02-03,P1053,72.0
2024-02-04,P1058,44.0
2024-02-04,P1060,54.0
2024-02-06,P1050,22.0
2024-02-08,P1051,225.0
2024-02-09,P1057,27.0
2024-02-12,P1027,54.0
2024-02-13,P1020,54.0
2024-02-13,P1025,90.0
2024-02-13,P1054,90.0
2024-02-15,P1022,27.0
2024-02-16,P1042,54.0
2024-02-16,P1052,145.0
2024-02-19,P1015,15.0
2024-02-20,P1036,81.0
2024-02-21,P1033,41.0
2024-02-22,P1055,22.0
2024-02-23,P1040,12.0
2024-02-23,P1050,22.0
2024-02-25,P1005,54.0
2024-02-25,P1009,90.0
2024-02-25,P1014,135.0
2024-02-25,P1018,44.0
2024-02-26,P1028,15.0
2024-02-26,P1047,15.0
2024-02-26,P1053,72.0
2024-02-27,P1035,135.0
2024-02-27,P1059,41.0
2024-02-28,P1006,90.0
2024-02-28,P1012,145.0
2024-02-28,P1024,41.0
2024-02-28,P1058,44.0
2024-02-28,P1060,54.0
2024-03-01,P1002,90.0
2024-03-02,P1021,145.0
2024-03-02,P1044,81.0
2024-03-04,P1008,15.0
2024-03-04,P1056,41.0
2024-03-07,P1027,54.0
2024-03-07,P1045,27.0
2024-03-07,P1051,225.0
2024-03-08,P1054,90.0
2024-03-09,P1034,81.0
2024-03-09,P1057,27.0
2024-03-10,P1022,27.0
2024-03-12,P1020,54.0
2024-03-13,P1025,90.0
2024-03-14,P1055,22.0
2024-03-16,P1050,22.0
2024-03-16,P1052,145.0
2024-03-18,P1042,54.0
2024-03-19,P1018,44.0
2024-03-20,P1053,72.0
2024-03-22,P1015,15.0
2024-03-24,P1040,12.0
2024-03-24,P1058,44.0
2024-03-26,P1060,54.0
2024-03-27,P1033,41.0
2024-03-29,P1021,145.0
2024-03-29,P1051,225.0
2024-03-30,P1027,54.0
2024-03-30,P1028,15.0
2024-03-30,P1041,675.0
2024-03-31,P1014,135.0
2024-04-01,P1006,90.0
2024-04-01,P1013,433.0
2024-04-01,P1024,41.0
2024-04-01,P1054,90.0
2024-04-02,P1047,15.0
2024-04-03,P1009,90.0
2024-04-03,P1020,54.0
2024-04-03,P1037,45.0
2024-04-04,P1002,90.0
2024-04-04,P1055,22.0
2024-04-05,P1005,54.0
2024-04-05,P1012,145.0
2024-04-05,P1018,44.0
2024-04-06,P1029,433.0
2024-04-06,P1036,81.0
2024-04-06,P1057,27.0
2024-04-06,P1059,41.0
2024-04-07,P1025,90.0
2024-04-08,P1044,81.0
2024-04-08,P1045,27.0
2024-04-08,P1049,81.0
2024-04-09,P1017,81.0
2024-04-09,P1030,270.0
2024-04-09,P1035,135.0
2024-04-10,P1016,270.0
2024-04-10,P1022,27.0
2024-04-10,P1052,145.0
2024-04-12,P1023,270.0
2024-04-13,P1040,12.0
2024-04-13,P1053,72.0
2024-04-14,P1042,54.0
2024-04-17,P1056,41.0
2024-04-17,P1058,44.0
2024-04-19,P1039,45.0
2024-04-19,P1050,22.0
2024-04-19,P1060,54.0
2024-04-20,P1008,15.0
2024-04-20,P1028,15.0
2024-04-21,P1034,81.0
2024-04-22,P1021,145.0
2024-04-22,P1027,54.0
2024-04-23,P1020,54.0
2024-04-23,P1051,225.0
2024-04-24,P1018,44.0
2024-04-24,P1043,45.0
2024-04-24,P1054,90.0
2024-04-25,P1047,15.0
2024-04-27,P1006,90.0
2024-04-27,P1009,90.0
2024-04-27,P1015,15.0
2024-04-27,P1055,22.0
2024-04-28,P1040,12.0
2024-04-29,P1012,145.0
2024-04-30,P1033,41.0
2024-04-30,P1045,27.0
2024-05-01,P1001,433.0
2024-05-01,P1002,90.0
2024-05-02,P1004,433.0
2024-05-02,P1011,162.0
2024-05-02,P1022,27.0
2024-05-03,P1025,90.0
2024-05-03,P1052,145.0
2024-05-03,P1053,72.0
2024-05-06,P1024,41.0
2024-05-07,P1005,54.0
2024-05-07,P1059,41.0
2024-05-08,P1007,433.0
2024-05-08,P1008,15.0
2024-05-08,P1042,54.0
2024-05-08,P1060,54.0
2024-05-09,P1014,135.0
2024-05-09,P1058,44.0
2024-05-10,P1018,44.0
2024-05-10,P1021,145.0
2024-05-10,P1057,27.0
2024-05-12,P1028,15.0
2024-05-13,P1027,54.0
2024-05-13,P1036,81.0
2024-05-14,P1035,135.0
2024-05-14,P1050,22.0
2024-05-15,P1044,81.0
2024-05-15,P1047,15.0
2024-05-15,P1051,225.0
2024-05-16,P1040,12.0
2024-05-16,P1055,22.0
2024-05-18,P1006,90.0
2024-05-19,P1009,90.0
2024-05-19,P1012,145.0
2024-05-19,P1020,54.0
2024-05-20,P1056,41.0
2024-05-21,P1054,90.0
2024-05-22,P1058,44.0
2024-05-23,P1002,90.0
2024-05-24,P1018,44.0
2024-05-25,P1015,15.0
2024-05-25,P1025,90.0
2024-05-25,P1032,162.0
2024-05-25,P1052,145.0
2024-05-25,P1053,72.0
2024-05-27,P1005,54.0
2024-05-27,P1008,15.0
2024-05-27,P1034,81.0
2024-05-28,P1042,54.0
2024-05-28,P1045,27.0
2024-05-29,P1055,22.0
2024-05-31,P1022,27.0
2024-06-01,P1028,15.0
2024-06-02,P1033,41.0
2024-06-02,P1040,12.0
2024-06-02,P1050,22.0
2024-06-02,P1057,27.0
2024-06-03,P1021,145.0
2024-06-03,P1027,54.0
2024-06-03,P1047,15.0
2024-06-04,P1060,54.0
2024-06-06,P1051,225.0
2024-06-07,P1006,90.0
2024-06-07,P1012,145.0
2024-06-08,P1009,90.0
2024-06-08,P1058,44.0
2024-06-10,P1053,72.0
2024-06-10,P1054,90.0
2024-06-11,P1013,433.0
2024-06-11,P1031,162.0
2024-06-11,P1041,675.0
2024-06-11,P1046,90.0
2024-06-11,P1049,81.0
2024-06-11,P1059,41.0
2024-06-12,P1024,41.0
2024-06-13,P1014,135.0
2024-06-13,P1015,15.0
2024-06-13,P1035,135.0
2024-06-14,P1002,90.0
2024-06-14,P1018,44.0
2024-06-14,P1020,54.0
2024-06-14,P1029,433.0
2024-06-14,P1044,81.0
2024-06-15,P1019,324.0
2024-06-15,P1030,270.0
2024-06-15,P1048,865.0
2024-06-15,P1052,145.0
2024-06-15,P1055,22.0
2024-06-16,P1008,15.0
2024-06-16,P1036,81.0
2024-06-18,P1005,54.0
2024-06-18,P1025,90.0
2024-06-18,P1026,162.0
2024-06-18,P1056,41.0
2024-06-19,P1039,45.0
2024-06-19,P1042,54.0
2024-06-20,P1045,27.0
2024-06-21,P1023,270.0
2024-06-21,P1040,12.0
2024-06-21,P1057,27.0
2024-06-23,P1038,324.0
2024-06-23,P1058,44.0
2024-06-25,P1012,145.0
2024-06-25,P1050,22.0
2024-06-26,P1010,324.0
2024-06-26,P1017,81.0
2024-06-26,P1028,15.0
2024-06-26,P1047,15.0
2024-06-26,P1053,72.0
2024-06-27,P1009,90.0
2024-06-27,P1027,54.0
2024-06-27,P1034,81.0
2024-06-27,P1037,45.0
2024-06-27,P1051,225.0
2024-06-27,P1060,54.0
2024-06-28,P1022,27.0
2024-06-29,P1001,433.0
2024-06-29,P1006,90.0
2024-06-29,P1016,270.0
2024-06-29,P1043,45.0
2024-06-30,P1021,145.0
2024-07-01,P1004,433.0
2024-07-03,P1007,433.0
2024-07-03,P1055,22.0
2024-07-04,P1002,90.0
2024-07-04,P1003,324.0
2024-07-04,P1011,162.0
2024-07-04,P1054,90.0
2024-07-05,P1018,44.0
2024-07-05,P1020,54.0
2024-07-06,P1008,15.0
2024-07-06,P1042,54.0
2024-07-07,P1005,54.0
2024-07-08,P1025,90.0
2024-07-08,P1052,145.0
2024-07-10,P1024,41.0
2024-07-10,P1045,27.0
2024-07-11,P1058,44.0
2024-07-13,P1050,22.0
2024-07-13,P1053,72.0
2024-07-14,P1014,135.0
2024-07-14,P1033,41.0
2024-07-14,P1044,81.0
2024-07-14,P1059,41.0
2024-07-15,P1027,54.0
2024-07-15,P1055,22.0
2024-07-16,P1012,145.0
2024-07-16,P1015,15.0
2024-07-16,P1040,12.0
2024-07-16,P1057,27.0
2024-07-17,P1009,90.0
2024-07-17,P1022,27.0
2024-07-18,P1035,135.0
2024-07-18,P1056,41.0
2024-07-19,P1006,90.0
2024-07-19,P1028,15.0
2024-07-19,P1060,54.0
2024-07-21,P1021,145.0
2024-07-21,P1051,225.0
2024-07-22,P1018,44.0
2024-07-23,P1002,90.0
2024-07-24,P1036,81.0
2024-07-24,P1054,90.0
2024-07-26,P1005,54.0
2024-07-27,P1020,54.0
2024-07-28,P1042,54.0
2024-07-28,P1047,15.0
2024-07-28,P1058,44.0
2024-07-29,P1025,90.0
2024-07-30,P1050,22.0
2024-07-31,P1008,15.0
2024-07-31,P1040,12.0
2024-07-31,P1052,145.0
2024-07-31,P1053,72.0
2024-08-01,P1034,81.0
2024-08-02,P1045,27.0
2024-08-03,P1009,90.0
2024-08-03,P1012,145.0
2024-08-05,P1055,22.0
2024-08-05,P1057,27.0
2024-08-06,P1027,54.0
2024-08-07,P1024,41.0
2024-08-09,P1006,90.0
2024-08-09,P1018,44.0
2024-08-09,P1022,27.0
2024-08-09,P1028,15.0
2024-08-10,P1015,15.0
2024-08-12,P1002,90.0
2024-08-12,P1021,145.0
2024-08-12,P1059,41.0
2024-08-12,P1060,54.0
2024-08-13,P1033,41.0
2024-08-14,P1013,433.0
2024-08-15,P1051,225.0
2024-08-15,P1054,90.0
2024-08-15,P1056,41.0
2024-08-16,P1005,54.0
2024-08-16,P1017,81.0
2024-08-16,P1058,44.0
2024-08-19,P1044,81.0
2024-08-20,P1001,433.0
2024-08-20,P1014,135.0
2024-08-20,P1020,54.0
2024-08-20,P1025,90.0
2024-08-20,P1053,72.0
2024-08-21,P1040,12.0
2024-08-21,P1041,675.0
2024-08-21,P1045,27.0
2024-08-22,P1009,90.0
2024-08-23,P1012,145.0
2024-08-23,P1035,135.0
2024-08-23,P1047,15.0
2024-08-23,P1052,145.0
2024-08-23,P1055,22.0
2024-08-24,P1027,54.0
2024-08-25,P1008,15.0
2024-08-26,P1004,433.0
2024-08-26,P1023,270.0
2024-08-26,P1042,54.0
2024-08-27,P1050,22.0
2024-08-28,P1018,44.0
2024-08-29,P1006,90.0
2024-08-29,P1007,433.0
2024-08-30,P1011,162.0
2024-08-30,P1022,27.0
2024-08-30,P1029,433.0
2024-08-31,P1030,270.0
2024-08-31,P1049,81.0
2024-08-31,P1057,27.0
2024-09-03,P1002,90.0
2024-09-03,P1036,81.0
2024-09-03,P1039,45.0
2024-09-04,P1060,54.0
2024-09-05,P1005,54.0
2024-09-06,P1028,15.0
2024-09-06,P1040,12.0
2024-09-07,P1053,72.0
2024-09-07,P1058,44.0
2024-09-08,P1034,81.0
2024-09-08,P1054,90.0
2024-09-10,P1021,145.0
2024-09-11,P1012,145.0
2024-09-11,P1051,225.0
2024-09-12,P1047,15.0
2024-09-13,P1056,41.0
2024-09-14,P1009,90.0
2024-09-14,P1055,22.0
2024-09-15,P1024,41.0
2024-09-16,P1016,270.0
2024-09-16,P1025,90.0
2024-09-17,P1018,44.0
2024-09-18,P1052,145.0
2024-09-19,P1006,90.0
2024-09-19,P1008,15.0
2024-09-19,P1020,54.0
2024-09-19,P1033,41.0
2024-09-20,P1022,27.0
2024-09-21,P1045,27.0
2024-09-21,P1059,41.0
2024-09-22,P1027,54.0
2024-09-22,P1057,27.0
2024-09-23,P1002,90.0
2024-09-23,P1015,15.0
2024-09-23,P1042,54.0
2024-09-26,P1014,135.0
2024-09-29,P1005,54.0
2024-09-29,P1044,81.0
2024-09-29,P1060,54.0
2024-09-30,P1012,145.0
2024-10-01,P1050,22.0
2024-10-01,P1058,44.0
2024-10-03,P1043,45.0
2024-10-03,P1055,22.0
2024-10-04,P1009,90.0
2024-10-04,P1021,145.0
2024-10-04,P1028,15.0
2024-10-05,P1035,135.0
2024-10-05,P1040,12.0
2024-10-05,P1054,90.0
2024-10-06,P1053,72.0
2024-10-09,P1018,44.0
2024-10-09,P1037,45.0
2024-10-10,P1045,27.0
2024-10-11,P1032,162.0
2024-10-12,P1006,90.0
2024-10-14,P1051,225.0
2024-10-15,P1020,54.0
2024-10-16,P1025,90.0
2024-10-16,P1047,15.0
2024-10-16,P1052,145.0
2024-10-17,P1002,90.0
2024-10-17,P1008,15.0
2024-10-17,P1015,15.0
2024-10-17,P1022,27.0
2024-10-17,P1036,81.0
2024-10-21,P1010,324.0
2024-10-22,P1042,54.0
2024-10-23,P1005,54.0
2024-10-23,P1024,41.0
2024-10-23,P1060,54.0
2024-10-24,P1058,44.0
2024-10-25,P1033,41.0
2024-10-25,P1057,27.0
2024-10-27,P1012,145.0
2024-10-29,P1027,54.0
2024-10-30,P1001,433.0
2024-10-31,P1040,12.0
2024-11-01,P1009,90.0
2024-11-01,P1034,81.0
2024-11-01,P1054,90.0
2024-11-01,P1059,41.0
2024-11-02,P1017,81.0
2024-11-04,P1004,433.0
2024-11-04,P1053,72.0
2024-11-05,P1007,433.0
2024-11-05,P1055,22.0
2024-11-06,P1018,44.0
2024-11-06,P1021,145.0
2024-11-07,P1003,324.0
2024-11-07,P1050,22.0
2024-11-08,P1014,135.0
2024-11-08,P1045,27.0
2024-11-10,P1031,162.0
2024-11-10,P1052,145.0
2024-11-11,P1008,15.0
2024-11-12,P1002,90.0
2024-11-12,P1023,270.0
2024-11-13,P1006,90.0
2024-11-13,P1013,433.0
2024-11-13,P1019,324.0
2024-11-13,P1025,90.0
2024-11-15,P1044,81.0
2024-11-16,P1011,162.0
2024-11-16,P1022,27.0
2024-11-16,P1028,15.0
2024-11-17,P1041,675.0
2024-11-17,P1046,90.0
2024-11-18,P1056,41.0
2024-11-19,P1049,81.0
2024-11-19,P1051,225.0
2024-11-20,P1020,54.0
2024-11-20,P1035,135.0
2024-11-20,P1058,44.0
2024-11-22,P1047,15.0
2024-11-22,P1048,865.0
2024-11-24,P1042,54.0
2024-11-24,P1060,54.0
2024-11-28,P1038,324.0
2024-11-28,P1057,27.0
2024-12-02,P1027,54.0
2024-12-03,P1036,81.0
2024-12-03,P1054,90.0
2024-12-04,P1005,54.0
2024-12-04,P1015,15.0
2024-12-04,P1030,270.0
2024-12-04,P1053,72.0
2024-12-05,P1018,44.0
2024-12-05,P1040,12.0
2024-12-05,P1052,145.0
2024-12-06,P1012,145.0
2024-12-06,P1026,162.0
2024-12-06,P1050,22.0
2024-12-07,P1029,433.0
2024-12-07,P1043,45.0
2024-12-09,P1055,22.0
2024-12-10,P1009,90.0
2024-12-10,P1021,145.0
2024-12-11,P1025,90.0
2024-12-11,P1045,27.0
2024-12-12,P1033,41.0
2024-12-15,P1024,41.0
2024-12-19,P1008,15.0
2024-12-19,P1022,27.0
2024-12-19,P1047,15.0
2024-12-19,P1058,44.0
2024-12-20,P1034,81.0
2024-12-22,P1020,54.0
2024-12-22,P1028,15.0
2024-12-23,P1016,270.0
2024-12-25,P1002,90.0
2024-12-25,P1051,225.0
2024-12-25,P1059,41.0
2024-12-25,P1060,54.0
2024-12-27,P1006,90.0
2024-12-27,P1042,54.0
2024-12-27,P1050,22.0
2024-12-28,P1040,12.0
2024-12-30,P1044,81.0
2025-01-01,P1014,135.0
2025-01-01,P1053,72.0
2025-01-02,P1056,41.0
2025-01-03,P1055,22.0
2025-01-04,P1018,44.0
2025-01-04,P1057,27.0
2025-01-09,P1025,90.0
2025-01-09,P1027,54.0
2025-01-09,P1035,135.0
2025-01-10,P1005,54.0
2025-01-11,P1045,27.0
2025-01-12,P1052,145.0
2025-01-13,P1015,15.0
2025-01-13,P1039,45.0
2025-01-14,P1054,90.0
2025-01-16,P1021,145.0
2025-01-17,P1050,22.0
2025-01-18,P1012,145.0
2025-01-18,P1058,44.0
2025-01-21,P1036,81.0
2025-01-21,P1042,54.0
2025-01-24,P1022,27.0
2025-01-25,P1060,54.0
2025-01-26,P1009,90.0
2025-01-26,P1053,72.0
2025-01-28,P1033,41.0
2025-01-28,P1057,27.0
2025-01-29,P1051,225.0
2025-01-29,P1055,22.0
2025-01-30,P1028,15.0
2025-01-31,P1018,44.0
2025-02-01,P1020,54.0
2025-02-04,P1059,41.0
2025-02-05,P1002,90.0
2025-02-06,P1008,15.0
2025-02-06,P1025,90.0
2025-02-06,P1047,15.0
2025-02-07,P1045,27.0
2025-02-08,P1024,41.0
2025-02-08,P1037,45.0
2025-02-09,P1056,41.0
2025-02-10,P1052,145.0
2025-02-11,P1050,22.0
2025-02-12,P1006,90.0
2025-02-12,P1015,15.0
2025-02-12,P1027,54.0
2025-02-13,P1044,81.0
2025-02-13,P1054,90.0
2025-02-15,P1021,145.0
2025-02-15,P1034,81.0
2025-02-16,P1023,270.0
2025-02-16,P1053,72.0
2025-02-17,P1013,433.0
2025-02-17,P1014,135.0
2025-02-17,P1040,12.0
2025-02-17,P1042,54.0
2025-02-17,P1058,44.0
2025-02-18,P1041,675.0
2025-02-19,P1049,81.0
2025-02-22,P1055,22.0
2025-02-23,P1018,44.0
2025-02-24,P1057,27.0
2025-02-25,P1022,27.0
2025-02-25,P1035,135.0
2025-02-25,P1060,54.0
2025-02-26,P1017,81.0
2025-02-27,P1051,225.0
2025-02-28,P1030,270.0
2025-03-02,P1020,54.0
2025-03-03,P1025,90.0
2025-03-04,P1005,54.0
2025-03-04,P1028,15.0
2025-03-05,P1001,433.0
2025-03-06,P1012,145.0
2025-03-06,P1036,81.0
2025-03-06,P1047,15.0
2025-03-06,P1050,22.0
2025-03-06,P1053,72.0
2025-03-07,P1029,433.0
2025-03-08,P1009,90.0
2025-03-08,P1033,41.0
2025-03-09,P1004,433.0
2025-03-09,P1043,45.0
2025-03-10,P1021,145.0
2025-03-10,P1045,27.0
2025-03-10,P1052,145.0
2025-03-12,P1007,433.0
2025-03-12,P1027,54.0
2025-03-12,P1040,12.0
2025-03-12,P1054,90.0
2025-03-12,P1055,22.0
2025-03-14,P1058,44.0
2025-03-15,P1042,54.0
2025-03-16,P1006,90.0
2025-03-17,P1018,44.0
2025-03-18,P1002,90.0
2025-03-18,P1056,41.0
2025-03-18,P1059,41.0
2025-03-18,P1060,54.0
2025-03-19,P1022,27.0
2025-03-19,P1044,81.0
2025-03-20,P1011,162.0
2025-03-21,P1015,15.0
2025-03-23,P1016,270.0
2025-03-23,P1047,15.0
2025-03-26,P1020,54.0
2025-03-26,P1034,81.0
2025-03-26,P1039,45.0
2025-03-27,P1014,135.0
2025-03-27,P1040,12.0
2025-03-27,P1051,225.0
2025-03-27,P1053,72.0
2025-03-28,P1024,41.0
2025-03-28,P1050,22.0
2025-03-28,P1057,27.0
2025-03-29,P1025,90.0
2025-04-01,P1035,135.0
2025-04-02,P1058,44.0
2025-04-03,P1028,15.0
2025-04-03,P1036,81.0
2025-04-03,P1055,22.0
2025-04-04,P1021,145.0
2025-04-04,P1027,54.0
2025-04-04,P1042,54.0
2025-04-04,P1054,90.0
2025-04-05,P1052,145.0
2025-04-09,P1009,90.0
2025-04-09,P1012,145.0
2025-04-09,P1018,44.0
2025-04-10,P1005,54.0
2025-04-10,P1022,27.0
2025-04-10,P1033,41.0
2025-04-10,P1045,27.0
2025-04-14,P1006,90.0
2025-04-14,P1047,15.0
2025-04-14,P1050,22.0
2025-04-14,P1053,72.0
2025-04-14,P1060,54.0
2025-04-15,P1032,162.0
2025-04-16,P1008,15.0
2025-04-16,P1020,54.0
2025-04-17,P1015,15.0
2025-04-17,P1040,12.0
2025-04-17,P1051,225.0
2025-04-18,P1057,27.0
2025-04-18,P1058,44.0
2025-04-18,P1059,41.0
2025-04-19,P1056,41.0
2025-04-20,P1037,45.0
2025-04-21,P1024,41.0
2025-04-21,P1025,90.0
2025-04-21,P1044,81.0
2025-04-22,P1027,54.0
2025-04-23,P1002,90.0
2025-04-23,P1019,324.0
2025-04-24,P1018,44.0
2025-04-24,P1021,145.0
2025-04-24,P1055,22.0
2025-04-26,P1041,675.0
2025-04-26,P1042,54.0
2025-04-27,P1031,162.0
2025-04-27,P1052,145.0
2025-04-27,P1054,90.0
2025-04-28,P1050,22.0
2025-04-29,P1013,433.0
2025-04-29,P1045,27.0
2025-04-30,P1014,135.0
2025-05-01,P1012,145.0
2025-05-01,P1043,45.0
2025-05-01,P1060,54.0
2025-05-02,P1005,54.0
2025-05-03,P1009,90.0
2025-05-03,P1049,81.0
2025-05-03,P1053,72.0
2025-05-04,P1036,81.0
2025-05-05,P1028,15.0
2025-05-05,P1034,81.0
2025-05-05,P1057,27.0
2025-05-06,P1022,27.0
2025-05-06,P1046,90.0
2025-05-07,P1017,81.0
2025-05-07,P1023,270.0
2025-05-07,P1027,54.0
2025-05-07,P1035,135.0
2025-05-07,P1040,12.0
2025-05-07,P1047,15.0
2025-05-07,P1051,225.0
2025-05-07,P1058,44.0
2025-05-08,P1033,41.0
2025-05-08,P1048,865.0
2025-05-08,P1055,22.0
2025-05-10,P1006,90.0
2025-05-10,P1015,15.0
2025-05-11,P1020,54.0
2025-05-13,P1002,90.0
2025-05-13,P1029,433.0
2025-05-13,P1038,324.0
2025-05-14,P1021,145.0
2025-05-14,P1025,90.0
2025-05-14,P1030,270.0
2025-05-15,P1018,44.0
2025-05-15,P1042,54.0
2025-05-15,P1050,22.0
2025-05-16,P1059,41.0
2025-05-18,P1010,324.0
2025-05-18,P1052,145.0
2025-05-19,P1008,15.0
2025-05-19,P1053,72.0
2025-05-19,P1054,90.0
2025-05-20,P1011,162.0
2025-05-20,P1026,162.0
2025-05-20,P1056,41.0
2025-05-22,P1012,145.0
2025-05-22,P1016,270.0
2025-05-22,P1058,44.0
2025-05-22,P1060,54.0
2025-05-23,P1009,90.0
2025-05-23,P1040,12.0
2025-05-23,P1044,81.0
2025-05-25,P1001,433.0
2025-05-25,P1005,54.0
2025-05-25,P1045,27.0
2025-05-25,P1047,15.0
2025-05-26,P1039,45.0
2025-05-27,P1004,433.0
2025-05-27,P1028,15.0
2025-05-28,P1006,90.0
2025-05-28,P1024,41.0
2025-05-28,P1027,54.0
2025-05-28,P1051,225.0
2025-05-29,P1014,135.0
2025-05-29,P1022,27.0
2025-05-29,P1055,22.0
2025-05-30,P1007,433.0
2025-05-30,P1015,15.0
2025-05-30,P1020,54.0
2025-05-31,P1050,22.0
2025-05-31,P1057,27.0
2025-06-01,P1018,44.0
2025-06-03,P1003,324.0
2025-06-03,P1025,90.0
2025-06-03,P1042,54.0
2025-06-04,P1021,145.0
2025-06-04,P1034,81.0
2025-06-04,P1053,72.0
2025-06-05,P1002,90.0
2025-06-05,P1035,135.0
2025-06-06,P1036,81.0
2025-06-07,P1058,44.0
2025-06-08,P1054,90.0
2025-06-08,P1059,41.0
2025-06-09,P1033,41.0
2025-06-10,P1012,145.0
2025-06-10,P1052,145.0
2025-06-11,P1009,90.0
2025-06-11,P1060,54.0
2025-06-13,P1005,54.0
2025-06-13,P1008,15.0
2025-06-13,P1056,41.0
2025-06-14,P1040,12.0
2025-06-15,P1050,22.0
2025-06-15,P1055,22.0
2025-06-16,P1022,27.0
2025-06-16,P1057,27.0
2025-06-17,P1006,90.0
2025-06-18,P1015,15.0
2025-06-18,P1044,81.0
2025-06-18,P1047,15.0
2025-06-18,P1051,225.0
2025-06-19,P1018,44.0
2025-06-19,P1020,54.0
2025-06-19,P1027,54.0
2025-06-20,P1028,15.0
2025-06-22,P1045,27.0
2025-06-22,P1053,72.0
2025-06-23,P1058,44.0
2025-06-24,P1002,90.0
2025-06-24,P1025,90.0
2025-06-25,P1042,54.0
2025-06-26,P1024,41.0
2025-06-27,P1021,145.0
2025-06-27,P1054,90.0
2025-06-28,P1009,90.0
2025-06-28,P1012,145.0
2025-06-28,P1041,675.0
2025-06-29,P1008,15.0
2025-06-29,P1050,22.0
2025-06-30,P1013,433.0
2025-06-30,P1014,135.0
2025-06-30,P1055,22.0
2025-07-01,P1006,90.0
2025-07-02,P1036,81.0
2025-07-02,P1060,54.0
2025-07-03,P1040,12.0
2025-07-03,P1049,81.0
2025-07-03,P1059,41.0
2025-07-04,P1005,54.0
2025-07-04,P1052,145.0
2025-07-06,P1017,81.0
2025-07-06,P1023,270.0
2025-07-06,P1034,81.0
2025-07-06,P1035,135.0
2025-07-07,P1047,15.0
2025-07-07,P1051,225.0
2025-07-08,P1022,27.0
2025-07-08,P1043,45.0
2025-07-08,P1045,27.0
2025-07-08,P1053,72.0
2025-07-09,P1030,270.0
2025-07-10,P1018,44.0
2025-07-10,P1020,54.0
2025-07-10,P1029,433.0
2025-07-10,P1037,45.0
2025-07-11,P1011,162.0
2025-07-11,P1027,54.0
2025-07-11,P1058,44.0
2025-07-13,P1057,27.0
2025-07-14,P1002,90.0
2025-07-14,P1009,90.0
2025-07-14,P1028,15.0
2025-07-15,P1001,433.0
2025-07-15,P1006,90.0
2025-07-15,P1012,145.0
2025-07-15,P1025,90.0
2025-07-15,P1050,22.0
2025-07-16,P1021,145.0
2025-07-16,P1056,41.0
2025-07-17,P1033,41.0
2025-07-18,P1004,433.0
2025-07-19,P1042,54.0
2025-07-19,P1044,81.0
2025-07-20,P1047,15.0
2025-07-20,P1054,90.0
2025-07-21,P1008,15.0
2025-07-21,P1016,270.0
2025-07-22,P1055,22.0
2025-07-23,P1005,54.0
2025-07-23,P1015,15.0
2025-07-23,P1022,27.0
2025-07-23,P1060,54.0
2025-07-24,P1018,44.0
2025-07-25,P1007,433.0
2025-07-25,P1052,145.0
2025-07-25,P1053,72.0
2025-07-28,P1024,41.0
2025-07-28,P1058,44.0
2025-07-29,P1051,225.0
2025-07-30,P1006,90.0
2025-07-30,P1036,81.0
2025-08-01,P1009,90.0
2025-08-01,P1027,54.0
2025-08-01,P1045,27.0
2025-08-02,P1020,54.0
2025-08-03,P1002,90.0
2025-08-03,P1012,145.0
2025-08-03,P1014,135.0
2025-08-03,P1040,12.0
2025-08-03,P1057,27.0
2025-08-05,P1021,145.0
2025-08-05,P1039,45.0
2025-08-06,P1055,22.0
2025-08-07,P1025,90.0
2025-08-07,P1047,15.0
2025-08-07,P1054,90.0
2025-08-09,P1034,81.0
2025-08-09,P1035,135.0
2025-08-09,P1053,72.0
2025-08-10,P1042,54.0
2025-08-11,P1050,22.0
2025-08-12,P1058,44.0
2025-08-13,P1008,15.0
2025-08-13,P1015,15.0
2025-08-13,P1018,44.0
2025-08-13,P1022,27.0
2025-08-13,P1059,41.0
2025-08-14,P1005,54.0
2025-08-14,P1056,41.0
2025-08-14,P1060,54.0
2025-08-15,P1052,145.0
2025-08-17,P1006,90.0
2025-08-18,P1033,41.0
2025-08-19,P1009,90.0
2025-08-20,P1028,15.0
2025-08-20,P1032,162.0
2025-08-21,P1051,225.0
2025-08-22,P1012,145.0
2025-08-22,P1020,54.0
2025-08-22,P1055,22.0
2025-08-22,P1057,27.0
2025-08-23,P1002,90.0
2025-08-23,P1027,54.0
2025-08-24,P1040,12.0
2025-08-24,P1044,81.0
2025-08-25,P1031,162.0
2025-08-26,P1053,72.0
2025-08-26,P1054,90.0
2025-08-28,P1025,90.0
2025-08-29,P1019,324.0
2025-08-29,P1047,15.0
2025-08-29,P1050,22.0
2025-08-29,P1058,44.0
2025-08-30,P1045,27.0
2025-08-31,P1021,145.0
2025-08-31,P1024,41.0
2025-09-01,P1005,54.0
2025-09-01,P1013,433.0
2025-09-01,P1041,675.0
2025-09-01,P1042,54.0
2025-09-02,P1011,162.0
2025-09-02,P1018,44.0
2025-09-02,P1037,45.0
2025-09-03,P1008,15.0
2025-09-03,P1049,81.0
2025-09-04,P1006,90.0
2025-09-04,P1014,135.0
2025-09-04,P1017,81.0
2025-09-05,P1001,433.0
2025-09-06,P1009,90.0
2025-09-07,P1036,81.0
2025-09-07,P1052,145.0
2025-09-08,P1029,433.0
2025-09-09,P1012,145.0
2025-09-09,P1022,27.0
2025-09-09,P1028,15.0
2025-09-09,P1055,22.0
2025-09-10,P1010,324.0
2025-09-11,P1004,433.0
2025-09-11,P1023,270.0
2025-09-11,P1057,27.0
2025-09-11,P1060,54.0
2025-09-12,P1002,90.0
2025-09-13,P1020,54.0
2025-09-13,P1034,81.0
2025-09-14,P1035,135.0
2025-09-14,P1040,12.0
2025-09-14,P1051,225.0
2025-09-15,P1058,44.0
2025-09-16,P1047,15.0
2025-09-17,P1007,433.0
2025-09-17,P1026,162.0
2025-09-17,P1053,72.0
2025-09-18,P1030,270.0
2025-09-18,P1043,45.0
2025-09-19,P1027,54.0
2025-09-20,P1015,15.0
2025-09-21,P1056,41.0
2025-09-22,P1008,15.0
2025-09-22,P1009,90.0
2025-09-22,P1016,270.0
2025-09-22,P1033,41.0
2025-09-22,P1050,22.0
2025-09-23,P1005,54.0
2025-09-23,P1006,90.0
2025-09-23,P1048,865.0
2025-09-23,P1054,90.0
2025-09-23,P1059,41.0
2025-09-25,P1021,145.0
2025-09-25,P1025,90.0
2025-09-25,P1038,324.0
2025-09-25,P1042,54.0
2025-09-26,P1012,145.0
2025-09-26,P1045,27.0
2025-09-27,P1003,324.0
2025-09-27,P1018,44.0
2025-10-02,P1040,12.0
2025-10-02,P1055,22.0
2025-10-04,P1044,81.0
2025-10-04,P1052,145.0
2025-10-04,P1058,44.0
2025-10-05,P1002,90.0
2025-10-06,P1024,41.0
2025-10-06,P1046,90.0
2025-10-08,P1008,15.0
2025-10-08,P1022,27.0
2025-10-08,P1053,72.0
2025-10-09,P1028,15.0
2025-10-10,P1015,15.0
2025-10-10,P1020,54.0
2025-10-11,P1060,54.0
2025-10-12,P1057,27.0
2025-10-13,P1006,90.0
2025-10-13,P1014,135.0
2025-10-14,P1027,54.0
2025-10-17,P1045,27.0
2025-10-17,P1047,15.0
2025-10-18,P1005,54.0
2025-10-18,P1009,90.0
2025-10-19,P1050,22.0
2025-10-20,P1042,54.0
2025-10-21,P1056,41.0
2025-10-22,P1035,135.0
2025-10-22,P1036,81.0
2025-10-23,P1018,44.0
2025-10-24,P1021,145.0
2025-10-24,P1054,90.0
2025-10-25,P1055,22.0
2025-10-25,P1058,44.0
2025-10-26,P1040,12.0
2025-10-27,P1057,27.0
2025-11-01,P1002,90.0
2025-11-03,P1033,41.0
2025-11-04,P1028,15.0
2025-11-05,P1027,54.0
2025-11-05,P1053,72.0
2025-11-07,P1015,15.0
2025-11-08,P1020,54.0
2025-11-08,P1022,27.0
2025-11-09,P1008,15.0
2025-11-09,P1011,162.0
2025-11-09,P1060,54.0
2025-11-10,P1009,90.0
2025-11-11,P1006,90.0
2025-11-13,P1059,41.0
2025-11-15,P1018,44.0
2025-11-17,P1005,54.0
2025-11-17,P1050,22.0
2025-11-18,P1058,44.0
2025-11-20,P1045,27.0
2025-11-21,P1040,12.0
2025-11-21,P1042,54.0
2025-11-22,P1004,433.0
2025-11-22,P1055,22.0
2025-11-23,P1001,433.0
2025-11-24,P1013,433.0
2025-11-24,P1024,41.0
2025-11-25,P1041,675.0
2025-11-26,P1017,81.0
2025-11-27,P1054,90.0
2025-11-27,P1057,27.0
2025-11-28,P1014,135.0
2025-11-30,P1044,81.0
2025-12-02,P1015,15.0
2025-12-02,P1021,145.0
2025-12-02,P1029,433.0
2025-12-03,P1047,15.0
2025-12-04,P1028,15.0
2025-12-04,P1037,45.0
2025-12-05,P1002,90.0
2025-12-05,P1053,72.0
2025-12-06,P1007,433.0
2025-12-07,P1049,81.0
2025-12-08,P1027,54.0
2025-12-08,P1036,81.0
2025-12-09,P1020,54.0
2025-12-09,P1030,270.0
2025-12-09,P1035,135.0
2025-12-09,P1058,44.0
2025-12-10,P1033,41.0
2025-12-11,P1018,44.0
2025-12-11,P1022,27.0
2025-12-11,P1023,270.0
2025-12-11,P1060,54.0
2025-12-12,P1050,22.0
2025-12-12,P1056,41.0
2025-12-13,P1006,90.0
2025-12-15,P1055,22.0
2025-12-16,P1016,270.0
2025-12-20,P1009,90.0
2025-12-20,P1040,12.0
2025-12-20,P1042,54.0
2025-12-20,P1045,27.0
2025-12-21,P1005,54.0
2025-12-21,P1059,41.0
2025-12-25,P1008,15.0
2025-12-30,P1058,44.0
2025-12-31,P1054,90.0
